"game_id","away_team","home_team","game_type","away_score","home_score","away_yards","home_yards","total_yards","away_drives","home_drives","away_touchdowns","home_touchdowns","away_field_goals","home_field_goals","away_punts","home_punts","away_td_perc","away_fg_perc","away_pn_perc","home_td_perc","home_fg_perc","home_pn_perc","season"
"2023_01_ARI_WAS","ARI","WAS","REG",16,20,210,248,458,11,14,0,2,3,2,8,10,0,0.272727272727273,0.727272727272727,0.142857142857143,0.142857142857143,0.714285714285714,2023
"2023_01_BUF_NYJ","BUF","NYJ","REG",16,22,314,289,603,11,12,1,1,3,3,7,8,0.0909090909090909,0.272727272727273,0.636363636363636,0.0833333333333333,0.25,0.666666666666667,2023
"2023_01_CAR_ATL","CAR","ATL","REG",10,24,281,221,502,12,13,1,3,1,1,10,9,0.0833333333333333,0.0833333333333333,0.833333333333333,0.230769230769231,0.0769230769230769,0.692307692307692,2023
"2023_01_CIN_CLE","CIN","CLE","REG",3,24,142,352,494,15,14,0,2,1,3,14,9,0,0.0666666666666667,0.933333333333333,0.142857142857143,0.214285714285714,0.642857142857143,2023
"2023_01_DAL_NYG","DAL","NYG","REG",40,0,265,171,436,10,12,4,0,2,0,4,12,0.4,0.2,0.4,0,0,1,2023
"2023_01_DET_KC","DET","KC","REG",21,20,368,316,684,12,11,2,2,0,2,10,7,0.166666666666667,0,0.833333333333333,0.181818181818182,0.181818181818182,0.636363636363636,2023
"2023_01_GB_CHI","GB","CHI","REG",38,20,329,313,642,12,12,4,2,1,2,7,8,0.333333333333333,0.0833333333333333,0.583333333333333,0.166666666666667,0.166666666666667,0.666666666666667,2023
"2023_01_HOU_BAL","HOU","BAL","REG",9,25,268,267,535,12,11,0,3,3,1,9,7,0,0.25,0.75,0.272727272727273,0.0909090909090909,0.636363636363636,2023
"2023_01_JAX_IND","JAX","IND","REG",31,21,342,280,622,15,15,4,2,1,0,10,13,0.266666666666667,0.0666666666666667,0.666666666666667,0.133333333333333,0,0.866666666666667,2023
"2023_01_LA_SEA","LAR","SEA","REG",18,13,426,180,606,9,9,0,1,3,2,6,6,0,0.333333333333333,0.666666666666667,0.111111111111111,0.222222222222222,0.666666666666667,2023
"2023_01_LV_DEN","LV","DEN","REG",17,16,261,260,521,7,6,2,2,1,1,4,3,0.285714285714286,0.142857142857143,0.571428571428571,0.333333333333333,0.166666666666667,0.5,2023
"2023_01_MIA_LAC","MIA","LAC","REG",36,34,536,433,969,11,10,4,4,3,2,4,4,0.363636363636364,0.272727272727273,0.363636363636364,0.4,0.2,0.4,2023
"2023_01_PHI_NE","PHI","NE","REG",25,20,251,382,633,14,13,1,3,4,0,9,10,0.0714285714285714,0.285714285714286,0.642857142857143,0.230769230769231,0,0.769230769230769,2023
"2023_01_SF_PIT","SF","PIT","REG",30,7,391,239,630,12,11,3,1,3,0,6,10,0.25,0.25,0.5,0.0909090909090909,0,0.909090909090909,2023
"2023_01_TB_MIN","TB","MIN","REG",20,17,242,369,611,12,11,2,2,2,1,8,8,0.166666666666667,0.166666666666667,0.666666666666667,0.181818181818182,0.0909090909090909,0.727272727272727,2023
"2023_01_TEN_NO","TEN","NO","REG",15,16,285,351,636,12,13,0,1,5,4,7,8,0,0.416666666666667,0.583333333333333,0.0769230769230769,0.307692307692308,0.615384615384615,2023
"2023_02_BAL_CIN","BAL","CIN","REG",27,24,415,282,697,9,8,3,2,2,1,4,5,0.333333333333333,0.222222222222222,0.444444444444444,0.25,0.125,0.625,2023
"2023_02_CHI_TB","CHI","TB","REG",17,27,236,437,673,10,11,2,2,1,2,7,7,0.2,0.1,0.7,0.181818181818182,0.181818181818182,0.636363636363636,2023
"2023_02_CLE_PIT","CLE","PIT","REG",22,26,412,255,667,15,15,2,1,2,2,11,12,0.133333333333333,0.133333333333333,0.733333333333333,0.0666666666666667,0.133333333333333,0.8,2023
"2023_02_GB_ATL","GB","ATL","REG",24,25,224,446,670,10,10,3,2,1,4,6,4,0.3,0.1,0.6,0.2,0.4,0.4,2023
"2023_02_IND_HOU","IND","HOU","REG",31,20,353,389,742,10,11,4,2,1,2,5,7,0.4,0.1,0.5,0.181818181818182,0.181818181818182,0.636363636363636,2023
"2023_02_KC_JAX","KC","JAX","REG",17,9,399,271,670,10,11,2,0,1,3,7,8,0.2,0.1,0.7,0,0.272727272727273,0.727272727272727,2023
"2023_02_LAC_TEN","LAC","TEN","REG",24,27,344,341,685,11,12,2,3,3,3,6,6,0.181818181818182,0.272727272727273,0.545454545454545,0.25,0.25,0.5,2023
"2023_02_LV_BUF","LV","BUF","REG",10,38,240,450,690,9,9,1,5,1,1,7,3,0.111111111111111,0.111111111111111,0.777777777777778,0.555555555555556,0.111111111111111,0.333333333333333,2023
"2023_02_MIA_NE","MIA","NE","REG",24,17,389,288,677,12,11,4,2,1,1,7,8,0.333333333333333,0.0833333333333333,0.583333333333333,0.181818181818182,0.0909090909090909,0.727272727272727,2023
"2023_02_MIN_PHI","MIN","PHI","REG",28,34,374,430,804,11,12,4,4,0,2,7,6,0.363636363636364,0,0.636363636363636,0.333333333333333,0.166666666666667,0.5,2023
"2023_02_NO_CAR","NO","CAR","REG",20,17,341,241,582,11,11,2,1,2,3,7,7,0.181818181818182,0.181818181818182,0.636363636363636,0.0909090909090909,0.272727272727273,0.636363636363636,2023
"2023_02_NYG_ARI","NYG","ARI","REG",31,28,439,381,820,10,10,4,3,1,2,5,5,0.4,0.1,0.5,0.3,0.2,0.5,2023
"2023_02_NYJ_DAL","NYJ","DAL","REG",10,30,215,384,599,11,12,1,2,1,5,9,5,0.0909090909090909,0.0909090909090909,0.818181818181818,0.166666666666667,0.416666666666667,0.416666666666667,2023
"2023_02_SEA_DET","SEA","DET","REG",37,31,393,418,811,10,12,4,4,1,1,5,7,0.4,0.1,0.5,0.333333333333333,0.0833333333333333,0.583333333333333,2023
"2023_02_SF_LA","SF","LAR","REG",30,12,365,386,751,10,11,3,0,3,3,4,8,0.3,0.3,0.4,0,0.272727272727273,0.727272727272727,2023
"2023_02_WAS_DEN","WAS","DEN","REG",35,33,390,399,789,11,12,4,5,2,2,5,5,0.363636363636364,0.181818181818182,0.454545454545455,0.416666666666667,0.166666666666667,0.416666666666667,2023
"2023_03_ATL_DET","ATL","DET","REG",6,20,183,358,541,13,12,0,2,2,2,11,8,0,0.153846153846154,0.846153846153846,0.166666666666667,0.166666666666667,0.666666666666667,2023
"2023_03_BUF_WAS","BUF","WAS","REG",37,3,386,230,616,11,11,3,0,3,1,5,10,0.272727272727273,0.272727272727273,0.454545454545455,0,0.0909090909090909,0.909090909090909,2023
"2023_03_CAR_SEA","CAR","SEA","REG",27,37,378,427,805,12,13,3,3,2,5,7,5,0.25,0.166666666666667,0.583333333333333,0.230769230769231,0.384615384615385,0.384615384615385,2023
"2023_03_CHI_KC","CHI","KC","REG",10,41,203,456,659,10,11,1,5,1,2,8,4,0.1,0.1,0.8,0.454545454545455,0.181818181818182,0.363636363636364,2023
"2023_03_DAL_ARI","DAL","ARI","REG",16,28,416,400,816,8,9,1,3,3,3,4,3,0.125,0.375,0.5,0.333333333333333,0.333333333333333,0.333333333333333,2023
"2023_03_DEN_MIA","DEN","MIA","REG",20,70,363,726,1089,14,14,2,10,2,0,10,4,0.142857142857143,0.142857142857143,0.714285714285714,0.714285714285714,0,0.285714285714286,2023
"2023_03_HOU_JAX","HOU","JAX","REG",37,17,366,404,770,11,11,4,2,3,1,4,8,0.363636363636364,0.272727272727273,0.363636363636364,0.181818181818182,0.0909090909090909,0.727272727272727,2023
"2023_03_IND_BAL","IND","BAL","REG",22,19,327,364,691,16,16,1,2,5,1,10,13,0.0625,0.3125,0.625,0.125,0.0625,0.8125,2023
"2023_03_LAC_MIN","LAC","MIN","REG",28,24,475,475,950,11,11,4,3,0,1,7,7,0.363636363636364,0,0.636363636363636,0.272727272727273,0.0909090909090909,0.636363636363636,2023
"2023_03_LA_CIN","LAR","CIN","REG",6,19,292,309,601,12,13,0,1,3,4,9,8,0,0.25,0.75,0.0769230769230769,0.307692307692308,0.615384615384615,2023
"2023_03_NE_NYJ","NE","NYJ","REG",15,10,358,171,529,13,13,1,1,2,1,10,11,0.0769230769230769,0.153846153846154,0.769230769230769,0.0769230769230769,0.0769230769230769,0.846153846153846,2023
"2023_03_NO_GB","NO","GB","REG",17,18,252,342,594,11,12,1,2,1,1,9,9,0.0909090909090909,0.0909090909090909,0.818181818181818,0.166666666666667,0.0833333333333333,0.75,2023
"2023_03_NYG_SF","NYG","SF","REG",12,30,150,441,591,10,11,1,3,2,3,7,5,0.1,0.2,0.7,0.272727272727273,0.272727272727273,0.454545454545455,2023
"2023_03_PHI_TB","PHI","TB","REG",25,11,472,176,648,10,9,2,1,3,1,5,7,0.2,0.3,0.5,0.111111111111111,0.111111111111111,0.777777777777778,2023
"2023_03_PIT_LV","PIT","LV","REG",23,18,333,364,697,13,12,2,2,3,1,8,9,0.153846153846154,0.230769230769231,0.615384615384615,0.166666666666667,0.0833333333333333,0.75,2023
"2023_03_TEN_CLE","TEN","CLE","REG",3,27,94,341,435,10,9,0,3,1,2,9,4,0,0.1,0.9,0.333333333333333,0.222222222222222,0.444444444444444,2023
"2023_04_ARI_SF","ARI","SF","REG",16,35,362,395,757,7,8,2,5,1,0,4,3,0.285714285714286,0.142857142857143,0.571428571428571,0.625,0,0.375,2023
"2023_04_ATL_JAX","ATL","JAX","REG",7,23,287,300,587,10,11,1,1,0,3,9,7,0.1,0,0.9,0.0909090909090909,0.272727272727273,0.636363636363636,2023
"2023_04_BAL_CLE","BAL","CLE","REG",28,3,296,166,462,12,14,4,0,0,1,8,13,0.333333333333333,0,0.666666666666667,0,0.0714285714285714,0.928571428571429,2023
"2023_04_CIN_TEN","CIN","TEN","REG",3,27,211,400,611,9,9,0,3,1,2,8,4,0,0.111111111111111,0.888888888888889,0.333333333333333,0.222222222222222,0.444444444444444,2023
"2023_04_DEN_CHI","DEN","CHI","REG",31,28,311,471,782,10,10,3,4,1,0,6,6,0.3,0.1,0.6,0.4,0,0.6,2023
"2023_04_DET_GB","DET","GB","REG",34,20,401,232,633,12,12,4,2,2,2,6,8,0.333333333333333,0.166666666666667,0.5,0.166666666666667,0.166666666666667,0.666666666666667,2023
"2023_04_KC_NYJ","KC","NYJ","REG",23,20,401,338,739,11,11,2,2,3,1,6,8,0.181818181818182,0.272727272727273,0.545454545454545,0.181818181818182,0.0909090909090909,0.727272727272727,2023
"2023_04_LA_IND","LAR","IND","REG",18,23,467,333,800,12,12,0,3,3,0,9,9,0,0.25,0.75,0.25,0,0.75,2023
"2023_04_LV_LAC","LV","LAC","REG",17,24,264,305,569,11,12,2,3,1,1,8,8,0.181818181818182,0.0909090909090909,0.727272727272727,0.25,0.0833333333333333,0.666666666666667,2023
"2023_04_MIA_BUF","MIA","BUF","REG",20,48,393,414,807,11,12,3,6,0,2,8,4,0.272727272727273,0,0.727272727272727,0.5,0.166666666666667,0.333333333333333,2023
"2023_04_MIN_CAR","MIN","CAR","REG",21,13,265,232,497,9,10,2,0,0,2,7,8,0.222222222222222,0,0.777777777777778,0,0.2,0.8,2023
"2023_04_NE_DAL","NE","DAL","REG",3,38,253,379,632,11,11,0,2,1,3,10,6,0,0.0909090909090909,0.909090909090909,0.181818181818182,0.272727272727273,0.545454545454545,2023
"2023_04_PIT_HOU","PIT","HOU","REG",6,30,225,451,676,10,10,0,3,2,3,8,4,0,0.2,0.8,0.3,0.3,0.4,2023
"2023_04_SEA_NYG","SEA","NYG","REG",24,3,281,248,529,12,12,2,0,1,1,9,11,0.166666666666667,0.0833333333333333,0.75,0,0.0833333333333333,0.916666666666667,2023
"2023_04_TB_NO","TB","NO","REG",26,9,353,197,550,11,11,3,0,2,3,6,8,0.272727272727273,0.181818181818182,0.545454545454545,0,0.272727272727273,0.727272727272727,2023
"2023_04_WAS_PHI","WAS","PHI","REG",31,34,365,417,782,10,11,4,3,1,5,5,3,0.4,0.1,0.5,0.272727272727273,0.454545454545455,0.272727272727273,2023
"2023_05_BAL_PIT","BAL","PIT","REG",10,17,335,289,624,12,12,1,1,1,3,10,8,0.0833333333333333,0.0833333333333333,0.833333333333333,0.0833333333333333,0.25,0.666666666666667,2023
"2023_05_CAR_DET","CAR","DET","REG",24,42,342,377,719,10,11,3,6,1,0,6,5,0.3,0.1,0.6,0.545454545454545,0,0.454545454545455,2023
"2023_05_CHI_WAS","CHI","WAS","REG",40,20,451,390,841,11,12,4,2,4,2,3,8,0.363636363636364,0.363636363636364,0.272727272727273,0.166666666666667,0.166666666666667,0.666666666666667,2023
"2023_05_CIN_ARI","CIN","ARI","REG",34,20,380,294,674,13,13,3,3,2,0,8,10,0.230769230769231,0.153846153846154,0.615384615384615,0.230769230769231,0,0.769230769230769,2023
"2023_05_DAL_SF","DAL","SF","REG",10,42,197,421,618,13,13,1,6,1,0,11,7,0.0769230769230769,0.0769230769230769,0.846153846153846,0.461538461538462,0,0.538461538461538,2023
"2023_05_GB_LV","GB","LV","REG",13,17,285,279,564,11,11,1,2,2,1,8,8,0.0909090909090909,0.181818181818182,0.727272727272727,0.181818181818182,0.0909090909090909,0.727272727272727,2023
"2023_05_HOU_ATL","HOU","ATL","REG",19,21,313,449,762,11,13,1,2,4,3,6,8,0.0909090909090909,0.363636363636364,0.545454545454545,0.153846153846154,0.230769230769231,0.615384615384615,2023
"2023_05_JAX_BUF","JAX","BUF","REG",25,20,476,388,864,12,12,3,3,1,0,8,9,0.25,0.0833333333333333,0.666666666666667,0.25,0,0.75,2023
"2023_05_KC_MIN","KC","MIN","REG",27,20,333,329,662,8,8,3,2,2,2,3,4,0.375,0.25,0.375,0.25,0.25,0.5,2023
"2023_05_NO_NE","NO","NE","REG",34,0,304,156,460,15,14,3,0,2,0,10,14,0.2,0.133333333333333,0.666666666666667,0,0,1,2023
"2023_05_NYG_MIA","NYG","MIA","REG",16,31,268,524,792,10,11,0,4,3,1,7,6,0,0.3,0.7,0.363636363636364,0.0909090909090909,0.545454545454545,2023
"2023_05_NYJ_DEN","NYJ","DEN","REG",31,21,407,310,717,12,12,1,2,5,2,6,8,0.0833333333333333,0.416666666666667,0.5,0.166666666666667,0.166666666666667,0.666666666666667,2023
"2023_05_PHI_LA","PHI","LAR","REG",23,12,454,249,703,8,8,2,0,3,0,3,8,0.25,0.375,0.375,0,0,1,2023
"2023_05_TEN_IND","TEN","IND","REG",16,23,348,429,777,8,8,1,2,3,3,4,3,0.125,0.375,0.5,0.25,0.375,0.375,2023
"2023_06_ARI_LA","ARI","LAR","REG",9,12,345,382,727,12,10,0,0,3,4,9,6,0,0.25,0.75,0,0.4,0.6,2023
"2023_06_BAL_TEN","BAL","TEN","REG",24,16,360,233,593,12,10,1,1,6,3,5,6,0.0833333333333333,0.5,0.416666666666667,0.1,0.3,0.6,2023
"2023_06_CAR_MIA","CAR","MIA","REG",21,42,296,424,720,12,12,2,6,0,0,10,6,0.166666666666667,0,0.833333333333333,0.5,0,0.5,2023
"2023_06_DAL_LAC","DAL","LAC","REG",20,17,342,272,614,10,10,2,2,2,1,6,7,0.2,0.2,0.6,0.2,0.1,0.7,2023
"2023_06_DEN_KC","DEN","KC","REG",8,19,199,389,588,10,11,1,1,0,4,9,6,0.1,0,0.9,0.0909090909090909,0.363636363636364,0.545454545454545,2023
"2023_06_DET_TB","DET","TB","REG",20,6,380,251,631,11,10,2,0,2,2,7,8,0.181818181818182,0.181818181818182,0.636363636363636,0,0.2,0.8,2023
"2023_06_IND_JAX","IND","JAX","REG",20,37,354,233,587,13,14,2,4,2,3,9,7,0.153846153846154,0.153846153846154,0.692307692307692,0.285714285714286,0.214285714285714,0.5,2023
"2023_06_MIN_CHI","MIN","CHI","REG",19,13,220,275,495,11,13,1,1,2,2,8,10,0.0909090909090909,0.181818181818182,0.727272727272727,0.0769230769230769,0.153846153846154,0.769230769230769,2023
"2023_06_NE_LV","NE","LV","REG",17,21,259,348,607,9,9,2,1,1,4,6,4,0.222222222222222,0.111111111111111,0.666666666666667,0.111111111111111,0.444444444444444,0.444444444444444,2023
"2023_06_NO_HOU","NO","HOU","REG",13,20,430,297,727,10,12,1,2,2,2,7,8,0.1,0.2,0.7,0.166666666666667,0.166666666666667,0.666666666666667,2023
"2023_06_NYG_BUF","NYG","BUF","REG",9,14,317,297,614,10,9,0,2,3,0,7,7,0,0.3,0.7,0.222222222222222,0,0.777777777777778,2023
"2023_06_PHI_NYJ","PHI","NYJ","REG",14,20,348,246,594,10,11,2,1,0,4,8,6,0.2,0,0.8,0.0909090909090909,0.363636363636364,0.545454545454545,2023
"2023_06_SEA_CIN","SEA","CIN","REG",13,17,384,214,598,11,11,1,2,2,1,8,8,0.0909090909090909,0.181818181818182,0.727272727272727,0.181818181818182,0.0909090909090909,0.727272727272727,2023
"2023_06_SF_CLE","SF","CLE","REG",17,19,215,334,549,13,13,2,1,1,4,10,8,0.153846153846154,0.0769230769230769,0.769230769230769,0.0769230769230769,0.307692307692308,0.615384615384615,2023
"2023_06_WAS_ATL","WAS","ATL","REG",24,16,193,402,595,12,11,3,2,1,1,8,8,0.25,0.0833333333333333,0.666666666666667,0.181818181818182,0.0909090909090909,0.727272727272727,2023
"2023_07_ARI_SEA","ARI","SEA","REG",10,20,249,318,567,11,10,1,2,1,2,9,6,0.0909090909090909,0.0909090909090909,0.818181818181818,0.2,0.2,0.6,2023
"2023_07_ATL_TB","ATL","TB","REG",16,13,401,329,730,10,11,1,1,3,2,6,8,0.1,0.3,0.6,0.0909090909090909,0.181818181818182,0.727272727272727,2023
"2023_07_BUF_NE","BUF","NE","REG",25,29,341,364,705,10,10,3,3,1,3,6,4,0.3,0.1,0.6,0.3,0.3,0.4,2023
"2023_07_CLE_IND","CLE","IND","REG",39,38,316,456,772,17,16,3,5,4,1,10,10,0.176470588235294,0.235294117647059,0.588235294117647,0.3125,0.0625,0.625,2023
"2023_07_DET_BAL","DET","BAL","REG",6,38,337,503,840,10,10,1,5,0,1,9,4,0.1,0,0.9,0.5,0.1,0.4,2023
"2023_07_GB_DEN","GB","DEN","REG",17,19,331,339,670,9,10,2,1,1,4,6,5,0.222222222222222,0.111111111111111,0.666666666666667,0.1,0.4,0.5,2023
"2023_07_JAX_NO","JAX","NO","REG",31,24,330,409,739,13,14,3,2,1,3,9,9,0.230769230769231,0.0769230769230769,0.692307692307692,0.142857142857143,0.214285714285714,0.642857142857143,2023
"2023_07_LAC_KC","LAC","KC","REG",17,31,358,483,841,11,11,2,4,1,1,8,6,0.181818181818182,0.0909090909090909,0.727272727272727,0.363636363636364,0.0909090909090909,0.545454545454545,2023
"2023_07_LV_CHI","LV","CHI","REG",12,30,235,323,558,9,10,1,3,2,1,6,6,0.111111111111111,0.222222222222222,0.666666666666667,0.3,0.1,0.6,2023
"2023_07_MIA_PHI","MIA","PHI","REG",17,31,244,355,599,9,10,1,4,1,1,7,5,0.111111111111111,0.111111111111111,0.777777777777778,0.4,0.1,0.5,2023
"2023_07_PIT_LA","PIT","LAR","REG",24,12,300,356,656,11,10,3,0,1,1,7,9,0.272727272727273,0.0909090909090909,0.636363636363636,0,0.1,0.9,2023
"2023_07_SF_MIN","SF","MIN","REG",17,22,325,452,777,9,9,2,2,1,3,6,4,0.222222222222222,0.111111111111111,0.666666666666667,0.222222222222222,0.333333333333333,0.444444444444444,2023
"2023_07_WAS_NYG","WAS","NYG","REG",7,14,273,356,629,14,14,1,2,0,0,13,12,0.0714285714285714,0,0.928571428571429,0.142857142857143,0,0.857142857142857,2023
"2023_08_ATL_TEN","ATL","TEN","REG",23,28,342,375,717,14,14,2,4,3,0,9,10,0.142857142857143,0.214285714285714,0.642857142857143,0.285714285714286,0,0.714285714285714,2023
"2023_08_BAL_ARI","BAL","ARI","REG",31,24,268,312,580,12,13,4,3,1,1,7,9,0.333333333333333,0.0833333333333333,0.583333333333333,0.230769230769231,0.0769230769230769,0.692307692307692,2023
"2023_08_CHI_LAC","CHI","LAC","REG",13,30,295,352,647,11,10,2,3,0,3,9,4,0.181818181818182,0,0.818181818181818,0.3,0.3,0.4,2023
"2023_08_CIN_SF","CIN","SF","REG",31,17,400,460,860,10,12,4,2,1,1,5,9,0.4,0.1,0.5,0.166666666666667,0.0833333333333333,0.75,2023
"2023_08_CLE_SEA","CLE","SEA","REG",20,24,385,362,747,12,12,2,3,2,1,8,8,0.166666666666667,0.166666666666667,0.666666666666667,0.25,0.0833333333333333,0.666666666666667,2023
"2023_08_HOU_CAR","HOU","CAR","REG",13,15,229,224,453,9,11,2,1,0,4,7,6,0.222222222222222,0,0.777777777777778,0.0909090909090909,0.363636363636364,0.545454545454545,2023
"2023_08_JAX_PIT","JAX","PIT","REG",20,10,379,261,640,11,13,1,1,4,1,6,11,0.0909090909090909,0.363636363636364,0.545454545454545,0.0769230769230769,0.0769230769230769,0.846153846153846,2023
"2023_08_KC_DEN","KC","DEN","REG",9,24,274,240,514,11,11,0,3,3,1,8,7,0,0.272727272727273,0.727272727272727,0.272727272727273,0.0909090909090909,0.636363636363636,2023
"2023_08_LA_DAL","LAR","DAL","REG",12,43,282,387,669,12,11,0,4,2,2,10,5,0,0.166666666666667,0.833333333333333,0.363636363636364,0.181818181818182,0.454545454545455,2023
"2023_08_LV_DET","LV","DET","REG",14,26,157,486,643,12,12,1,2,0,4,11,6,0.0833333333333333,0,0.916666666666667,0.166666666666667,0.333333333333333,0.5,2023
"2023_08_MIN_GB","MIN","GB","REG",24,10,346,270,616,10,10,3,1,1,1,6,8,0.3,0.1,0.6,0.1,0.1,0.8,2023
"2023_08_NE_MIA","NE","MIA","REG",17,31,218,390,608,11,11,2,4,1,1,8,6,0.181818181818182,0.0909090909090909,0.727272727272727,0.363636363636364,0.0909090909090909,0.545454545454545,2023
"2023_08_NO_IND","NO","IND","REG",38,27,511,371,882,12,12,5,3,1,2,6,7,0.416666666666667,0.0833333333333333,0.5,0.25,0.166666666666667,0.583333333333333,2023
"2023_08_NYJ_NYG","NYJ","NYG","REG",13,10,251,194,445,17,18,1,1,2,1,14,16,0.0588235294117647,0.117647058823529,0.823529411764706,0.0555555555555556,0.0555555555555556,0.888888888888889,2023
"2023_08_PHI_WAS","PHI","WAS","REG",38,31,374,472,846,12,11,5,4,1,1,6,6,0.416666666666667,0.0833333333333333,0.5,0.363636363636364,0.0909090909090909,0.545454545454545,2023
"2023_08_TB_BUF","TB","BUF","REG",18,24,304,427,731,11,11,2,3,1,1,8,7,0.181818181818182,0.0909090909090909,0.727272727272727,0.272727272727273,0.0909090909090909,0.636363636363636,2023
"2023_09_ARI_CLE","ARI","CLE","REG",0,27,58,326,384,14,14,0,3,0,2,14,9,0,0,1,0.214285714285714,0.142857142857143,0.642857142857143,2023
"2023_09_BUF_CIN","BUF","CIN","REG",18,24,319,397,716,9,9,2,3,1,1,6,5,0.222222222222222,0.111111111111111,0.666666666666667,0.333333333333333,0.111111111111111,0.555555555555556,2023
"2023_09_CHI_NO","CHI","NO","REG",17,24,368,301,669,11,12,2,3,1,1,8,8,0.181818181818182,0.0909090909090909,0.727272727272727,0.25,0.0833333333333333,0.666666666666667,2023
"2023_09_DAL_PHI","DAL","PHI","REG",23,28,406,292,698,10,10,3,4,1,0,6,6,0.3,0.1,0.6,0.4,0,0.6,2023
"2023_09_IND_CAR","IND","CAR","REG",27,13,198,275,473,10,12,1,1,2,2,7,9,0.1,0.2,0.7,0.0833333333333333,0.166666666666667,0.75,2023
"2023_09_LAC_NYJ","LAC","NYJ","REG",27,6,191,270,461,14,13,2,0,2,2,10,11,0.142857142857143,0.142857142857143,0.714285714285714,0,0.153846153846154,0.846153846153846,2023
"2023_09_LA_GB","LAR","GB","REG",0,20,187,391,578,11,12,0,2,1,2,10,8,0,0.0909090909090909,0.909090909090909,0.166666666666667,0.166666666666667,0.666666666666667,2023
"2023_09_MIA_KC","MIA","KC","REG",14,21,292,267,559,11,12,2,2,0,0,9,10,0.181818181818182,0,0.818181818181818,0.166666666666667,0,0.833333333333333,2023
"2023_09_MIN_ATL","MIN","ATL","REG",31,28,365,370,735,13,13,3,2,3,4,7,7,0.230769230769231,0.230769230769231,0.538461538461538,0.153846153846154,0.307692307692308,0.538461538461538,2023
"2023_09_NYG_LV","NYG","LV","REG",6,30,277,334,611,13,12,1,3,0,3,12,6,0.0769230769230769,0,0.923076923076923,0.25,0.25,0.5,2023
"2023_09_SEA_BAL","SEA","BAL","REG",3,37,151,515,666,13,12,0,4,1,3,12,5,0,0.0769230769230769,0.923076923076923,0.333333333333333,0.25,0.416666666666667,2023
"2023_09_TB_HOU","TB","HOU","REG",37,39,332,498,830,12,13,4,5,3,2,5,6,0.333333333333333,0.25,0.416666666666667,0.384615384615385,0.153846153846154,0.461538461538462,2023
"2023_09_TEN_PIT","TEN","PIT","REG",16,20,340,326,666,9,9,1,2,3,2,5,5,0.111111111111111,0.333333333333333,0.555555555555556,0.222222222222222,0.222222222222222,0.555555555555556,2023
"2023_09_WAS_NE","WAS","NE","REG",20,17,432,327,759,12,12,2,2,2,1,8,9,0.166666666666667,0.166666666666667,0.666666666666667,0.166666666666667,0.0833333333333333,0.75,2023
"2023_10_ATL_ARI","ATL","ARI","REG",23,25,254,352,606,10,11,3,2,1,5,6,4,0.3,0.1,0.6,0.181818181818182,0.454545454545455,0.363636363636364,2023
"2023_10_CAR_CHI","CAR","CHI","REG",13,16,213,295,508,10,11,0,1,2,3,8,7,0,0.2,0.8,0.0909090909090909,0.272727272727273,0.636363636363636,2023
"2023_10_CLE_BAL","CLE","BAL","REG",33,31,375,306,681,10,11,2,3,4,1,4,7,0.2,0.4,0.4,0.272727272727273,0.0909090909090909,0.636363636363636,2023
"2023_10_DEN_BUF","DEN","BUF","REG",24,22,300,371,671,12,12,2,3,4,0,6,9,0.166666666666667,0.333333333333333,0.5,0.25,0,0.75,2023
"2023_10_DET_LAC","DET","LAC","REG",41,38,533,421,954,10,10,5,5,2,1,3,4,0.5,0.2,0.3,0.5,0.1,0.4,2023
"2023_10_GB_PIT","GB","PIT","REG",19,23,399,324,723,11,11,2,2,2,3,7,6,0.181818181818182,0.181818181818182,0.636363636363636,0.181818181818182,0.272727272727273,0.545454545454545,2023
"2023_10_HOU_CIN","HOU","CIN","REG",30,27,544,380,924,13,14,3,3,3,2,7,9,0.230769230769231,0.230769230769231,0.538461538461538,0.214285714285714,0.142857142857143,0.642857142857143,2023
"2023_10_IND_NE","IND","NE","REG",10,6,264,340,604,10,10,1,0,1,2,8,8,0.1,0.1,0.8,0,0.2,0.8,2023
"2023_10_NO_MIN","NO","MIN","REG",19,27,284,388,672,13,12,2,3,1,2,10,7,0.153846153846154,0.0769230769230769,0.769230769230769,0.25,0.166666666666667,0.583333333333333,2023
"2023_10_NYG_DAL","NYG","DAL","REG",17,49,172,640,812,14,13,2,7,1,0,11,6,0.142857142857143,0.0714285714285714,0.785714285714286,0.538461538461538,0,0.461538461538462,2023
"2023_10_NYJ_LV","NYJ","LV","REG",12,16,365,274,639,11,11,0,1,4,3,7,7,0,0.363636363636364,0.636363636363636,0.0909090909090909,0.272727272727273,0.636363636363636,2023
"2023_10_SF_JAX","SF","JAX","REG",34,3,437,221,658,11,10,4,0,2,1,5,9,0.363636363636364,0.181818181818182,0.454545454545455,0,0.1,0.9,2023
"2023_10_TEN_TB","TEN","TB","REG",6,20,209,340,549,11,11,0,2,2,2,9,7,0,0.181818181818182,0.818181818181818,0.181818181818182,0.181818181818182,0.636363636363636,2023
"2023_10_WAS_SEA","WAS","SEA","REG",26,29,356,489,845,11,13,3,2,2,6,6,5,0.272727272727273,0.181818181818182,0.545454545454545,0.153846153846154,0.461538461538462,0.384615384615385,2023
"2023_11_ARI_HOU","ARI","HOU","REG",16,21,319,419,738,10,11,2,3,1,0,7,8,0.2,0.1,0.7,0.272727272727273,0,0.727272727272727,2023
"2023_11_CHI_DET","CHI","DET","REG",26,31,334,340,674,11,11,2,5,4,0,5,6,0.181818181818182,0.363636363636364,0.454545454545455,0.454545454545455,0,0.545454545454545,2023
"2023_11_CIN_BAL","CIN","BAL","REG",20,34,272,405,677,11,11,2,4,2,2,7,5,0.181818181818182,0.181818181818182,0.636363636363636,0.363636363636364,0.181818181818182,0.454545454545455,2023
"2023_11_DAL_CAR","DAL","CAR","REG",33,10,311,187,498,10,10,3,1,2,1,5,8,0.3,0.2,0.5,0.1,0.1,0.8,2023
"2023_11_LAC_GB","LAC","GB","REG",20,23,394,397,791,11,11,2,3,2,1,7,7,0.181818181818182,0.181818181818182,0.636363636363636,0.272727272727273,0.0909090909090909,0.636363636363636,2023
"2023_11_LV_MIA","LV","MIA","REG",13,20,296,422,718,13,14,1,2,2,2,10,10,0.0769230769230769,0.153846153846154,0.769230769230769,0.142857142857143,0.142857142857143,0.714285714285714,2023
"2023_11_MIN_DEN","MIN","DEN","REG",20,21,385,295,680,10,11,2,1,2,5,6,5,0.2,0.2,0.6,0.0909090909090909,0.454545454545455,0.454545454545455,2023
"2023_11_NYG_WAS","NYG","WAS","REG",31,19,292,404,696,13,14,3,2,1,2,9,10,0.230769230769231,0.0769230769230769,0.692307692307692,0.142857142857143,0.142857142857143,0.714285714285714,2023
"2023_11_NYJ_BUF","NYJ","BUF","REG",6,32,155,393,548,11,12,1,3,1,4,9,5,0.0909090909090909,0.0909090909090909,0.818181818181818,0.25,0.333333333333333,0.416666666666667,2023
"2023_11_PHI_KC","PHI","KC","REG",21,17,238,336,574,12,12,3,2,0,1,9,9,0.25,0,0.75,0.166666666666667,0.0833333333333333,0.75,2023
"2023_11_PIT_CLE","PIT","CLE","REG",10,13,249,259,508,13,12,1,1,1,2,11,9,0.0769230769230769,0.0769230769230769,0.846153846153846,0.0833333333333333,0.166666666666667,0.75,2023
"2023_11_SEA_LA","SEA","LAR","REG",16,12,291,267,558,11,11,1,0,3,1,7,10,0.0909090909090909,0.272727272727273,0.636363636363636,0,0.0909090909090909,0.909090909090909,2023
"2023_11_TB_SF","TB","SF","REG",14,27,287,420,707,10,10,2,3,0,2,8,5,0.2,0,0.8,0.3,0.2,0.5,2023
"2023_11_TEN_JAX","TEN","JAX","REG",14,34,235,389,624,9,10,2,4,0,2,7,4,0.222222222222222,0,0.777777777777778,0.4,0.2,0.4,2023
"2023_12_BAL_LAC","BAL","LAC","REG",20,10,361,279,640,11,11,2,1,2,1,7,9,0.181818181818182,0.181818181818182,0.636363636363636,0.0909090909090909,0.0909090909090909,0.818181818181818,2023
"2023_12_BUF_PHI","BUF","PHI","REG",34,37,505,378,883,14,15,4,6,2,1,8,8,0.285714285714286,0.142857142857143,0.571428571428571,0.4,0.0666666666666667,0.533333333333333,2023
"2023_12_CAR_TEN","CAR","TEN","REG",10,17,258,264,522,10,11,1,2,1,1,8,8,0.1,0.1,0.8,0.181818181818182,0.0909090909090909,0.727272727272727,2023
"2023_12_CHI_MIN","CHI","MIN","REG",12,10,317,242,559,10,11,0,1,4,1,6,9,0,0.4,0.6,0.0909090909090909,0.0909090909090909,0.818181818181818,2023
"2023_12_CLE_DEN","CLE","DEN","REG",12,29,269,294,563,12,12,1,3,2,2,9,7,0.0833333333333333,0.166666666666667,0.75,0.25,0.166666666666667,0.583333333333333,2023
"2023_12_GB_DET","GB","DET","REG",29,22,377,468,845,12,11,3,3,1,0,8,8,0.25,0.0833333333333333,0.666666666666667,0.272727272727273,0,0.727272727272727,2023
"2023_12_JAX_HOU","JAX","HOU","REG",24,21,447,352,799,11,10,2,3,3,0,6,7,0.181818181818182,0.272727272727273,0.545454545454545,0.3,0,0.7,2023
"2023_12_KC_LV","KC","LV","REG",31,17,360,358,718,10,10,4,2,1,1,5,7,0.4,0.1,0.5,0.2,0.1,0.7,2023
"2023_12_LA_ARI","LAR","ARI","REG",30,14,457,294,751,10,11,0,2,1,0,9,9,0,0.1,0.9,0.181818181818182,0,0.818181818181818,2023
"2023_12_MIA_NYJ","MIA","NYJ","REG",34,13,395,159,554,12,10,3,1,2,0,7,9,0.25,0.166666666666667,0.583333333333333,0.1,0,0.9,2023
"2023_12_NE_NYG","NE","NYG","REG",7,10,283,220,503,12,12,1,1,0,1,11,10,0.0833333333333333,0,0.916666666666667,0.0833333333333333,0.0833333333333333,0.833333333333333,2023
"2023_12_NO_ATL","NO","ATL","REG",15,24,444,396,840,10,10,0,3,5,1,5,6,0,0.5,0.5,0.3,0.1,0.6,2023
"2023_12_PIT_CIN","PIT","CIN","REG",16,10,421,222,643,10,11,1,1,3,1,6,9,0.1,0.3,0.6,0.0909090909090909,0.0909090909090909,0.818181818181818,2023
"2023_12_SF_SEA","SF","SEA","REG",31,13,377,220,597,12,11,4,0,1,2,7,9,0.333333333333333,0.0833333333333333,0.583333333333333,0,0.181818181818182,0.818181818181818,2023
"2023_12_TB_IND","TB","IND","REG",20,27,298,394,692,10,11,2,3,2,2,6,6,0.2,0.2,0.6,0.272727272727273,0.181818181818182,0.545454545454545,2023
"2023_12_WAS_DAL","WAS","DAL","REG",10,45,376,433,809,11,10,1,5,1,1,9,4,0.0909090909090909,0.0909090909090909,0.818181818181818,0.5,0.1,0.4,2023
"2023_13_ARI_PIT","ARI","PIT","REG",24,10,282,317,599,11,10,2,1,1,1,8,8,0.181818181818182,0.0909090909090909,0.727272727272727,0.1,0.1,0.8,2023
"2023_13_ATL_NYJ","ATL","NYJ","REG",13,8,194,259,453,15,13,1,0,2,2,12,11,0.0666666666666667,0.133333333333333,0.8,0,0.153846153846154,0.846153846153846,2023
"2023_13_CAR_TB","CAR","TB","REG",18,21,284,322,606,13,13,2,3,1,0,10,10,0.153846153846154,0.0769230769230769,0.769230769230769,0.230769230769231,0,0.769230769230769,2023
"2023_13_CIN_JAX","CIN","JAX","REG",34,31,491,376,867,12,12,4,4,2,1,6,7,0.333333333333333,0.166666666666667,0.5,0.333333333333333,0.0833333333333333,0.583333333333333,2023
"2023_13_CLE_LA","CLE","LAR","REG",19,26,327,399,726,12,13,2,0,2,2,8,11,0.166666666666667,0.166666666666667,0.666666666666667,0,0.153846153846154,0.846153846153846,2023
"2023_13_DEN_HOU","DEN","HOU","REG",17,22,282,353,635,13,13,2,2,1,3,10,8,0.153846153846154,0.0769230769230769,0.769230769230769,0.153846153846154,0.230769230769231,0.615384615384615,2023
"2023_13_DET_NO","DET","NO","REG",33,28,347,362,709,12,13,4,4,2,0,6,9,0.333333333333333,0.166666666666667,0.5,0.307692307692308,0,0.692307692307692,2023
"2023_13_IND_TEN","IND","TEN","REG",31,28,355,381,736,13,16,2,3,4,2,7,11,0.153846153846154,0.307692307692308,0.538461538461538,0.1875,0.125,0.6875,2023
"2023_13_KC_GB","KC","GB","REG",19,27,337,382,719,8,8,2,3,2,2,4,3,0.25,0.25,0.5,0.375,0.25,0.375,2023
"2023_13_LAC_NE","LAC","NE","REG",6,0,241,257,498,11,11,0,0,2,0,9,11,0,0.181818181818182,0.818181818181818,0,0,1,2023
"2023_13_MIA_WAS","MIA","WAS","REG",45,15,406,247,653,10,11,5,2,1,0,4,9,0.5,0.1,0.4,0.181818181818182,0,0.818181818181818,2023
"2023_13_SEA_DAL","SEA","DAL","REG",35,41,406,413,819,10,11,5,4,0,4,5,3,0.5,0,0.5,0.363636363636364,0.363636363636364,0.272727272727273,2023
"2023_13_SF_PHI","SF","PHI","REG",42,19,456,333,789,9,9,6,2,0,2,3,5,0.666666666666667,0,0.333333333333333,0.222222222222222,0.222222222222222,0.555555555555556,2023
"2023_14_BUF_KC","BUF","KC","REG",20,17,327,346,673,11,10,2,2,2,1,7,7,0.181818181818182,0.181818181818182,0.636363636363636,0.2,0.1,0.7,2023
"2023_14_CAR_NO","CAR","NO","REG",6,28,303,207,510,11,13,0,3,2,0,9,10,0,0.181818181818182,0.818181818181818,0.230769230769231,0,0.769230769230769,2023
"2023_14_DEN_LAC","DEN","LAC","REG",24,7,322,283,605,13,13,3,1,1,0,9,12,0.230769230769231,0.0769230769230769,0.692307692307692,0.0769230769230769,0,0.923076923076923,2023
"2023_14_DET_CHI","DET","CHI","REG",13,28,267,336,603,11,12,2,3,0,3,9,6,0.181818181818182,0,0.818181818181818,0.25,0.25,0.5,2023
"2023_14_GB_NYG","GB","NYG","REG",22,24,326,367,693,11,13,2,3,3,2,6,8,0.181818181818182,0.272727272727273,0.545454545454545,0.230769230769231,0.153846153846154,0.615384615384615,2023
"2023_14_HOU_NYJ","HOU","NYJ","REG",6,30,135,347,482,13,14,1,4,0,3,12,7,0.0769230769230769,0,0.923076923076923,0.285714285714286,0.214285714285714,0.5,2023
"2023_14_IND_CIN","IND","CIN","REG",14,34,274,385,659,11,11,1,4,0,2,10,5,0.0909090909090909,0,0.909090909090909,0.363636363636364,0.181818181818182,0.454545454545455,2023
"2023_14_JAX_CLE","JAX","CLE","REG",27,31,293,389,682,17,17,4,4,0,1,13,12,0.235294117647059,0,0.764705882352941,0.235294117647059,0.0588235294117647,0.705882352941177,2023
"2023_14_LA_BAL","LAR","BAL","REG",20,37,410,451,861,13,14,0,3,3,3,10,8,0,0.230769230769231,0.769230769230769,0.214285714285714,0.214285714285714,0.571428571428571,2023
"2023_14_MIN_LV","MIN","LV","REG",3,0,231,202,433,11,13,0,0,1,0,10,13,0,0.0909090909090909,0.909090909090909,0,0,1,2023
"2023_14_NE_PIT","NE","PIT","REG",21,18,303,266,569,13,14,3,2,0,1,10,11,0.230769230769231,0,0.769230769230769,0.142857142857143,0.0714285714285714,0.785714285714286,2023
"2023_14_PHI_DAL","PHI","DAL","REG",13,33,324,394,718,10,9,0,3,2,4,8,2,0,0.2,0.8,0.333333333333333,0.444444444444444,0.222222222222222,2023
"2023_14_SEA_SF","SEA","SF","REG",16,28,324,527,851,12,12,2,4,1,0,9,8,0.166666666666667,0.0833333333333333,0.75,0.333333333333333,0,0.666666666666667,2023
"2023_14_TB_ATL","TB","ATL","REG",29,25,290,436,726,12,13,3,3,2,1,7,9,0.25,0.166666666666667,0.583333333333333,0.230769230769231,0.0769230769230769,0.692307692307692,2023
"2023_14_TEN_MIA","TEN","MIA","REG",28,27,405,366,771,13,13,3,2,2,2,8,9,0.230769230769231,0.153846153846154,0.615384615384615,0.153846153846154,0.153846153846154,0.692307692307692,2023
"2023_15_ATL_CAR","ATL","CAR","REG",7,9,204,283,487,10,11,1,0,0,4,9,7,0.1,0,0.9,0,0.363636363636364,0.636363636363636,2023
"2023_15_BAL_JAX","BAL","JAX","REG",23,7,396,333,729,10,10,2,1,3,0,5,9,0.2,0.3,0.5,0.1,0,0.9,2023
"2023_15_CHI_CLE","CHI","CLE","REG",17,20,236,377,613,15,17,1,2,1,2,13,13,0.0666666666666667,0.0666666666666667,0.866666666666667,0.117647058823529,0.117647058823529,0.764705882352941,2023
"2023_15_DAL_BUF","DAL","BUF","REG",10,31,195,351,546,8,9,1,4,1,1,6,4,0.125,0.125,0.75,0.444444444444444,0.111111111111111,0.444444444444444,2023
"2023_15_DEN_DET","DEN","DET","REG",17,42,287,448,735,11,10,2,6,1,0,8,4,0.181818181818182,0.0909090909090909,0.727272727272727,0.6,0,0.4,2023
"2023_15_HOU_TEN","HOU","TEN","REG",19,16,340,204,544,13,12,1,1,4,1,8,10,0.0769230769230769,0.307692307692308,0.615384615384615,0.0833333333333333,0.0833333333333333,0.833333333333333,2023
"2023_15_KC_NE","KC","NE","REG",27,17,326,206,532,14,14,3,2,2,1,9,11,0.214285714285714,0.142857142857143,0.642857142857143,0.142857142857143,0.0714285714285714,0.785714285714286,2023
"2023_15_LAC_LV","LAC","LV","REG",21,63,326,378,704,15,14,3,7,0,0,12,7,0.2,0,0.8,0.5,0,0.5,2023
"2023_15_MIN_CIN","MIN","CIN","REG",24,27,424,378,802,10,13,3,3,1,3,6,7,0.3,0.1,0.6,0.230769230769231,0.230769230769231,0.538461538461538,2023
"2023_15_NYG_NO","NYG","NO","REG",6,24,193,296,489,9,9,0,3,2,1,7,5,0,0.222222222222222,0.777777777777778,0.333333333333333,0.111111111111111,0.555555555555556,2023
"2023_15_NYJ_MIA","NYJ","MIA","REG",0,30,103,290,393,11,10,0,3,0,3,11,4,0,0,1,0.3,0.3,0.4,2023
"2023_15_PHI_SEA","PHI","SEA","REG",17,20,321,297,618,10,10,2,2,1,2,7,6,0.2,0.1,0.7,0.2,0.2,0.6,2023
"2023_15_PIT_IND","PIT","IND","REG",13,30,216,372,588,12,11,2,3,0,3,10,5,0.166666666666667,0,0.833333333333333,0.272727272727273,0.272727272727273,0.454545454545455,2023
"2023_15_SF_ARI","SF","ARI","REG",45,29,406,436,842,11,10,5,3,1,3,5,4,0.454545454545455,0.0909090909090909,0.454545454545455,0.3,0.3,0.4,2023
"2023_15_TB_GB","TB","GB","REG",34,20,452,321,773,9,9,4,2,2,2,3,5,0.444444444444444,0.222222222222222,0.333333333333333,0.222222222222222,0.222222222222222,0.555555555555556,2023
"2023_15_WAS_LA","WAS","LAR","REG",20,18,297,447,744,11,13,3,0,0,3,8,10,0.272727272727273,0,0.727272727272727,0,0.230769230769231,0.769230769230769,2023
"2023_16_ARI_CHI","ARI","CHI","REG",16,27,306,420,726,12,11,2,3,1,2,9,6,0.166666666666667,0.0833333333333333,0.75,0.272727272727273,0.181818181818182,0.545454545454545,2023
"2023_16_BAL_SF","BAL","SF","REG",33,19,343,429,772,12,11,3,2,4,1,5,8,0.25,0.333333333333333,0.416666666666667,0.181818181818182,0.0909090909090909,0.727272727272727,2023
"2023_16_BUF_LAC","BUF","LAC","REG",24,22,335,270,605,10,12,3,1,1,5,6,6,0.3,0.1,0.6,0.0833333333333333,0.416666666666667,0.5,2023
"2023_16_CIN_PIT","CIN","PIT","REG",11,34,370,397,767,11,12,1,4,1,2,9,6,0.0909090909090909,0.0909090909090909,0.818181818181818,0.333333333333333,0.166666666666667,0.5,2023
"2023_16_CLE_HOU","CLE","HOU","REG",36,22,422,252,674,13,13,5,3,0,0,8,10,0.384615384615385,0,0.615384615384615,0.230769230769231,0,0.769230769230769,2023
"2023_16_DAL_MIA","DAL","MIA","REG",20,22,339,375,714,9,10,2,1,2,6,5,3,0.222222222222222,0.222222222222222,0.555555555555556,0.1,0.6,0.3,2023
"2023_16_DET_MIN","DET","MIN","REG",30,24,389,390,779,11,10,4,3,1,1,6,6,0.363636363636364,0.0909090909090909,0.545454545454545,0.3,0.1,0.6,2023
"2023_16_GB_CAR","GB","CAR","REG",33,30,369,396,765,10,10,4,4,2,1,4,5,0.4,0.2,0.4,0.4,0.1,0.5,2023
"2023_16_IND_ATL","IND","ATL","REG",10,29,262,406,668,11,10,1,2,1,5,9,3,0.0909090909090909,0.0909090909090909,0.818181818181818,0.2,0.5,0.3,2023
"2023_16_JAX_TB","JAX","TB","REG",12,30,305,335,640,10,11,2,3,0,3,8,5,0.2,0,0.8,0.272727272727273,0.272727272727273,0.454545454545455,2023
"2023_16_LV_KC","LV","KC","REG",20,14,207,308,515,11,11,0,2,2,0,9,9,0,0.181818181818182,0.818181818181818,0.181818181818182,0,0.818181818181818,2023
"2023_16_NE_DEN","NE","DEN","REG",26,23,289,280,569,14,15,3,4,2,0,9,11,0.214285714285714,0.142857142857143,0.642857142857143,0.266666666666667,0,0.733333333333333,2023
"2023_16_NO_LA","NO","LAR","REG",22,18,341,458,799,10,10,3,0,0,3,7,7,0.3,0,0.7,0,0.3,0.7,2023
"2023_16_NYG_PHI","NYG","PHI","REG",25,33,292,467,759,10,12,2,4,1,4,7,4,0.2,0.1,0.7,0.333333333333333,0.333333333333333,0.333333333333333,2023
"2023_16_SEA_TEN","SEA","TEN","REG",20,17,273,287,560,7,8,2,2,2,1,3,5,0.285714285714286,0.285714285714286,0.428571428571429,0.25,0.125,0.625,2023
"2023_16_WAS_NYJ","WAS","NYJ","REG",28,30,245,381,626,15,17,4,3,0,3,11,11,0.266666666666667,0,0.733333333333333,0.176470588235294,0.176470588235294,0.647058823529412,2023
"2023_17_ARI_PHI","ARI","PHI","REG",35,31,451,275,726,8,8,4,3,2,1,2,4,0.5,0.25,0.25,0.375,0.125,0.5,2023
"2023_17_ATL_CHI","ATL","CHI","REG",17,37,307,432,739,13,13,2,4,1,3,10,6,0.153846153846154,0.0769230769230769,0.769230769230769,0.307692307692308,0.230769230769231,0.461538461538462,2023
"2023_17_CAR_JAX","CAR","JAX","REG",0,26,124,317,441,10,11,0,2,0,4,10,5,0,0,1,0.181818181818182,0.363636363636364,0.454545454545455,2023
"2023_17_CIN_KC","CIN","KC","REG",17,25,263,373,636,10,10,2,1,1,6,7,3,0.2,0.1,0.7,0.1,0.6,0.3,2023
"2023_17_DET_DAL","DET","DAL","REG",19,20,420,384,804,11,12,2,2,2,2,7,8,0.181818181818182,0.181818181818182,0.636363636363636,0.166666666666667,0.166666666666667,0.666666666666667,2023
"2023_17_GB_MIN","GB","MIN","REG",33,10,470,211,681,10,11,4,1,2,1,4,9,0.4,0.2,0.4,0.0909090909090909,0.0909090909090909,0.818181818181818,2023
"2023_17_LAC_DEN","LAC","DEN","REG",9,16,301,313,614,10,11,0,1,3,3,7,7,0,0.3,0.7,0.0909090909090909,0.272727272727273,0.636363636363636,2023
"2023_17_LA_NYG","LAR","NYG","REG",24,25,391,389,780,14,14,0,2,0,2,14,10,0,0,1,0.142857142857143,0.142857142857143,0.714285714285714,2023
"2023_17_LV_IND","LV","IND","REG",20,23,370,349,719,9,11,2,2,2,3,5,6,0.222222222222222,0.222222222222222,0.555555555555556,0.181818181818182,0.272727272727273,0.545454545454545,2023
"2023_17_MIA_BAL","MIA","BAL","REG",19,56,375,491,866,12,13,2,8,2,0,8,5,0.166666666666667,0.166666666666667,0.666666666666667,0.615384615384615,0,0.384615384615385,2023
"2023_17_NE_BUF","NE","BUF","REG",21,27,294,281,575,13,13,3,2,0,2,10,9,0.230769230769231,0,0.769230769230769,0.153846153846154,0.153846153846154,0.692307692307692,2023
"2023_17_NO_TB","NO","TB","REG",23,13,310,349,659,12,12,2,2,3,0,7,10,0.166666666666667,0.25,0.583333333333333,0.166666666666667,0,0.833333333333333,2023
"2023_17_NYJ_CLE","NYJ","CLE","REG",20,37,360,428,788,14,12,1,4,2,1,11,7,0.0714285714285714,0.142857142857143,0.785714285714286,0.333333333333333,0.0833333333333333,0.583333333333333,2023
"2023_17_PIT_SEA","PIT","SEA","REG",30,23,468,369,837,10,9,3,2,3,3,4,4,0.3,0.3,0.4,0.222222222222222,0.333333333333333,0.444444444444444,2023
"2023_17_SF_WAS","SF","WAS","REG",27,10,408,225,633,9,9,3,1,2,1,4,7,0.333333333333333,0.222222222222222,0.444444444444444,0.111111111111111,0.111111111111111,0.777777777777778,2023
"2023_17_TEN_HOU","TEN","HOU","REG",3,26,187,312,499,10,9,0,1,1,4,9,4,0,0.1,0.9,0.111111111111111,0.444444444444444,0.444444444444444,2023
"2023_18_ATL_NO","ATL","NO","REG",17,48,389,400,789,13,12,2,6,1,2,10,4,0.153846153846154,0.0769230769230769,0.769230769230769,0.5,0.166666666666667,0.333333333333333,2023
"2023_18_BUF_MIA","BUF","MIA","REG",21,14,473,275,748,10,9,2,2,0,0,8,7,0.2,0,0.8,0.222222222222222,0,0.777777777777778,2023
"2023_18_CHI_GB","CHI","GB","REG",9,17,192,432,624,6,7,0,2,3,1,3,4,0,0.5,0.5,0.285714285714286,0.142857142857143,0.571428571428571,2023
"2023_18_CLE_CIN","CLE","CIN","REG",14,31,244,328,572,13,12,2,4,0,1,11,7,0.153846153846154,0,0.846153846153846,0.333333333333333,0.0833333333333333,0.583333333333333,2023
"2023_18_DAL_WAS","DAL","WAS","REG",38,10,440,180,620,9,10,5,1,1,1,3,8,0.555555555555556,0.111111111111111,0.333333333333333,0.1,0.1,0.8,2023
"2023_18_DEN_LV","DEN","LV","REG",14,27,286,359,645,10,10,2,3,0,2,8,5,0.2,0,0.8,0.3,0.2,0.5,2023
"2023_18_HOU_IND","HOU","IND","REG",23,19,306,362,668,11,13,3,1,1,3,7,9,0.272727272727273,0.0909090909090909,0.636363636363636,0.0769230769230769,0.230769230769231,0.692307692307692,2023
"2023_18_JAX_TEN","JAX","TEN","REG",20,28,362,327,689,10,10,2,4,2,0,6,6,0.2,0.2,0.6,0.4,0,0.6,2023
"2023_18_KC_LAC","KC","LAC","REG",13,12,268,353,621,11,11,0,0,2,4,9,7,0,0.181818181818182,0.818181818181818,0,0.363636363636364,0.636363636363636,2023
"2023_18_LA_SF","LAR","SF","REG",18,20,260,300,560,9,8,0,3,0,0,9,5,0,0,1,0.375,0,0.625,2023
"2023_18_MIN_DET","MIN","DET","REG",20,30,448,381,829,11,11,2,4,2,1,7,6,0.181818181818182,0.181818181818182,0.636363636363636,0.363636363636364,0.0909090909090909,0.545454545454545,2023
"2023_18_NYJ_NE","NYJ","NE","REG",17,3,256,119,375,14,15,1,0,3,1,10,14,0.0714285714285714,0.214285714285714,0.714285714285714,0,0.0666666666666667,0.933333333333333,2023
"2023_18_PHI_NYG","PHI","NYG","REG",10,27,299,415,714,13,12,1,3,1,2,11,7,0.0769230769230769,0.0769230769230769,0.846153846153846,0.25,0.166666666666667,0.583333333333333,2023
"2023_18_PIT_BAL","PIT","BAL","REG",17,10,289,224,513,13,12,2,1,1,1,10,10,0.153846153846154,0.0769230769230769,0.769230769230769,0.0833333333333333,0.0833333333333333,0.833333333333333,2023
"2023_18_SEA_ARI","SEA","ARI","REG",21,20,329,466,795,9,10,2,2,2,2,5,6,0.222222222222222,0.222222222222222,0.555555555555556,0.2,0.2,0.6,2023
"2023_18_TB_CAR","TB","CAR","REG",9,0,228,199,427,11,9,0,0,4,0,7,9,0,0.363636363636364,0.636363636363636,0,0,1,2023
"2023_19_CLE_HOU","CLE","HOU","POST",14,45,324,356,680,12,11,2,4,0,1,10,6,0.166666666666667,0,0.833333333333333,0.363636363636364,0.0909090909090909,0.545454545454545,2023
"2023_19_GB_DAL","GB","DAL","POST",48,32,415,514,929,11,11,7,4,0,1,4,6,0.636363636363636,0,0.363636363636364,0.363636363636364,0.0909090909090909,0.545454545454545,2023
"2023_19_LA_DET","LAR","DET","POST",12,24,425,334,759,8,8,0,3,3,1,5,4,0,0.375,0.625,0.375,0.125,0.5,2023
"2023_19_MIA_KC","MIA","KC","POST",7,26,264,409,673,11,10,1,2,0,4,10,4,0.0909090909090909,0,0.909090909090909,0.2,0.4,0.4,2023
"2023_19_PHI_TB","PHI","TB","POST",9,32,276,426,702,11,10,1,3,1,3,9,4,0.0909090909090909,0.0909090909090909,0.818181818181818,0.3,0.3,0.4,2023
"2023_19_PIT_BUF","PIT","BUF","POST",17,31,324,368,692,11,11,2,4,1,1,8,6,0.181818181818182,0.0909090909090909,0.727272727272727,0.363636363636364,0.0909090909090909,0.545454545454545,2023
"2023_20_GB_SF","GB","SF","POST",21,24,332,356,688,10,10,2,3,2,1,6,6,0.2,0.2,0.6,0.3,0.1,0.6,2023
"2023_20_HOU_BAL","HOU","BAL","POST",10,34,213,352,565,11,10,0,4,1,2,10,4,0,0.0909090909090909,0.909090909090909,0.4,0.2,0.4,2023
"2023_20_KC_BUF","KC","BUF","POST",27,24,361,368,729,9,8,3,3,2,1,4,4,0.333333333333333,0.222222222222222,0.444444444444444,0.375,0.125,0.5,2023
"2023_20_TB_DET","TB","DET","POST",23,31,408,391,799,11,12,3,4,1,1,7,7,0.272727272727273,0.0909090909090909,0.636363636363636,0.333333333333333,0.0833333333333333,0.583333333333333,2023
"2023_21_DET_SF","DET","SF","POST",31,34,442,413,855,10,12,4,4,1,2,5,6,0.4,0.1,0.5,0.333333333333333,0.166666666666667,0.5,2023
"2023_21_KC_BAL","KC","BAL","POST",17,10,319,336,655,11,11,2,1,1,1,8,9,0.181818181818182,0.0909090909090909,0.727272727272727,0.0909090909090909,0.0909090909090909,0.818181818181818,2023
"2023_22_SF_KC","SF","KC","POST",22,25,382,455,837,13,14,2,3,3,4,8,7,0.153846153846154,0.230769230769231,0.615384615384615,0.214285714285714,0.285714285714286,0.5,2023
"2024_01_ARI_BUF","ARI","BUF","REG",28,34,272,352,624,10,10,3,4,2,2,5,4,0.3,0.2,0.5,0.4,0.2,0.4,2024
"2024_01_BAL_KC","BAL","KC","REG",20,27,452,353,805,11,10,2,4,3,2,6,4,0.181818181818182,0.272727272727273,0.545454545454545,0.4,0.2,0.4,2024
"2024_01_CAR_NO","CAR","NO","REG",10,47,193,379,572,14,11,0,5,3,4,11,2,0,0.214285714285714,0.785714285714286,0.454545454545455,0.363636363636364,0.181818181818182,2024
"2024_01_DAL_CLE","DAL","CLE","REG",33,17,265,230,495,15,14,2,1,3,1,10,12,0.133333333333333,0.2,0.666666666666667,0.0714285714285714,0.0714285714285714,0.857142857142857,2024
"2024_01_DEN_SEA","DEN","SEA","REG",20,26,231,304,535,16,15,2,4,3,2,11,9,0.125,0.1875,0.6875,0.266666666666667,0.133333333333333,0.6,2024
"2024_01_GB_PHI","GB","PHI","REG",29,34,414,410,824,11,11,3,4,3,2,5,5,0.272727272727273,0.272727272727273,0.454545454545455,0.363636363636364,0.181818181818182,0.454545454545455,2024
"2024_01_HOU_IND","HOU","IND","REG",29,27,417,303,720,11,9,4,4,3,0,4,5,0.363636363636364,0.272727272727273,0.363636363636364,0.444444444444444,0,0.555555555555556,2024
"2024_01_JAX_MIA","JAX","MIA","REG",17,20,267,400,667,11,12,2,2,1,3,8,7,0.181818181818182,0.0909090909090909,0.727272727272727,0.166666666666667,0.25,0.583333333333333,2024
"2024_01_LA_DET","LAR","DET","REG",12,26,387,363,750,10,12,0,4,2,3,8,5,0,0.2,0.8,0.333333333333333,0.25,0.416666666666667,2024
"2024_01_LV_LAC","LV","LAC","REG",10,22,296,316,612,14,13,0,2,1,3,13,8,0,0.0714285714285714,0.928571428571429,0.153846153846154,0.230769230769231,0.615384615384615,2024
"2024_01_MIN_NYG","MIN","NYG","REG",28,6,312,240,552,11,11,3,0,0,2,8,9,0.272727272727273,0,0.727272727272727,0,0.181818181818182,0.818181818181818,2024
"2024_01_NE_CIN","NE","CIN","REG",16,10,290,224,514,10,8,1,1,3,1,6,6,0.1,0.3,0.6,0.125,0.125,0.75,2024
"2024_01_NYJ_SF","NYJ","SF","REG",19,32,266,401,667,11,10,4,2,0,6,7,2,0.363636363636364,0,0.636363636363636,0.2,0.6,0.2,2024
"2024_01_PIT_ATL","PIT","ATL","REG",18,10,270,226,496,10,10,0,1,6,1,4,8,0,0.6,0.4,0.1,0.1,0.8,2024
"2024_01_TEN_CHI","TEN","CHI","REG",17,24,244,150,394,13,11,2,0,1,3,10,8,0.153846153846154,0.0769230769230769,0.769230769230769,0,0.272727272727273,0.727272727272727,2024
"2024_01_WAS_TB","WAS","TB","REG",20,37,299,392,691,9,9,3,4,0,3,6,2,0.333333333333333,0,0.666666666666667,0.444444444444444,0.333333333333333,0.222222222222222,2024
"2024_02_ATL_PHI","ATL","PHI","REG",22,21,385,367,752,9,9,2,2,3,2,4,5,0.222222222222222,0.333333333333333,0.444444444444444,0.222222222222222,0.222222222222222,0.555555555555556,2024
"2024_02_BUF_MIA","BUF","MIA","REG",31,10,247,351,598,11,10,3,1,1,1,7,8,0.272727272727273,0.0909090909090909,0.636363636363636,0.1,0.1,0.8,2024
"2024_02_CHI_HOU","CHI","HOU","REG",13,19,205,310,515,13,14,1,1,2,4,10,9,0.0769230769230769,0.153846153846154,0.769230769230769,0.0714285714285714,0.285714285714286,0.642857142857143,2024
"2024_02_CIN_KC","CIN","KC","REG",25,26,320,286,606,10,10,2,2,4,3,4,5,0.2,0.4,0.4,0.2,0.3,0.5,2024
"2024_02_CLE_JAX","CLE","JAX","REG",18,13,297,323,620,9,10,1,1,3,2,5,7,0.111111111111111,0.333333333333333,0.555555555555556,0.1,0.2,0.7,2024
"2024_02_IND_GB","IND","GB","REG",10,16,338,383,721,10,11,1,1,1,3,8,7,0.1,0.1,0.8,0.0909090909090909,0.272727272727273,0.636363636363636,2024
"2024_02_LAC_CAR","LAC","CAR","REG",26,3,349,159,508,13,11,3,0,3,1,7,10,0.230769230769231,0.230769230769231,0.538461538461538,0,0.0909090909090909,0.909090909090909,2024
"2024_02_LA_ARI","LAR","ARI","REG",6,41,245,489,734,11,9,0,5,1,2,10,2,0,0.0909090909090909,0.909090909090909,0.555555555555556,0.222222222222222,0.222222222222222,2024
"2024_02_LV_BAL","LV","BAL","REG",26,23,260,358,618,12,12,2,2,4,3,6,7,0.166666666666667,0.333333333333333,0.5,0.166666666666667,0.25,0.583333333333333,2024
"2024_02_NO_DAL","NO","DAL","REG",44,19,432,353,785,11,10,5,1,1,4,5,5,0.454545454545455,0.0909090909090909,0.454545454545455,0.1,0.4,0.5,2024
"2024_02_NYG_WAS","NYG","WAS","REG",18,21,304,425,729,7,9,3,0,0,8,4,1,0.428571428571429,0,0.571428571428571,0,0.888888888888889,0.111111111111111,2024
"2024_02_NYJ_TEN","NYJ","TEN","REG",24,17,265,300,565,11,11,3,2,1,1,7,8,0.272727272727273,0.0909090909090909,0.636363636363636,0.181818181818182,0.0909090909090909,0.727272727272727,2024
"2024_02_PIT_DEN","PIT","DEN","REG",13,6,251,295,546,11,12,1,0,2,2,8,10,0.0909090909090909,0.181818181818182,0.727272727272727,0,0.166666666666667,0.833333333333333,2024
"2024_02_SEA_NE","SEA","NE","REG",23,20,358,310,668,12,12,2,2,3,2,7,8,0.166666666666667,0.25,0.583333333333333,0.166666666666667,0.166666666666667,0.666666666666667,2024
"2024_02_SF_MIN","SF","MIN","REG",17,23,396,403,799,10,11,2,2,1,3,7,6,0.2,0.1,0.7,0.181818181818182,0.272727272727273,0.545454545454545,2024
"2024_02_TB_DET","TB","DET","REG",20,16,216,463,679,11,12,2,1,2,3,7,8,0.181818181818182,0.181818181818182,0.636363636363636,0.0833333333333333,0.25,0.666666666666667,2024
"2024_03_BAL_DAL","BAL","DAL","REG",28,25,456,412,868,12,11,4,3,0,2,8,6,0.333333333333333,0,0.666666666666667,0.272727272727273,0.181818181818182,0.545454545454545,2024
"2024_03_CAR_LV","CAR","LV","REG",36,22,437,333,770,13,12,5,4,3,1,5,7,0.384615384615385,0.230769230769231,0.384615384615385,0.333333333333333,0.0833333333333333,0.583333333333333,2024
"2024_03_CHI_IND","CHI","IND","REG",16,21,395,306,701,12,13,2,3,1,0,9,10,0.166666666666667,0.0833333333333333,0.75,0.230769230769231,0,0.769230769230769,2024
"2024_03_DEN_TB","DEN","TB","REG",26,7,352,223,575,10,11,2,1,4,0,4,10,0.2,0.4,0.4,0.0909090909090909,0,0.909090909090909,2024
"2024_03_DET_ARI","DET","ARI","REG",20,13,373,277,650,11,12,3,1,0,2,8,9,0.272727272727273,0,0.727272727272727,0.0833333333333333,0.166666666666667,0.75,2024
"2024_03_GB_TEN","GB","TEN","REG",30,14,378,237,615,11,11,3,2,3,0,5,9,0.272727272727273,0.272727272727273,0.454545454545455,0.181818181818182,0,0.818181818181818,2024
"2024_03_HOU_MIN","HOU","MIN","REG",7,34,296,274,570,11,11,1,4,0,2,10,5,0.0909090909090909,0,0.909090909090909,0.363636363636364,0.181818181818182,0.454545454545455,2024
"2024_03_JAX_BUF","JAX","BUF","REG",10,47,239,388,627,10,11,1,7,1,2,8,2,0.1,0.1,0.8,0.636363636363636,0.181818181818182,0.181818181818182,2024
"2024_03_KC_ATL","KC","ATL","REG",22,17,345,311,656,11,10,3,2,3,1,5,7,0.272727272727273,0.272727272727273,0.454545454545455,0.2,0.1,0.7,2024
"2024_03_LAC_PIT","LAC","PIT","REG",10,20,166,346,512,11,10,1,2,1,1,9,7,0.0909090909090909,0.0909090909090909,0.818181818181818,0.2,0.1,0.7,2024
"2024_03_MIA_SEA","MIA","SEA","REG",3,24,205,370,575,13,12,0,3,1,1,12,8,0,0.0769230769230769,0.923076923076923,0.25,0.0833333333333333,0.666666666666667,2024
"2024_03_NE_NYJ","NE","NYJ","REG",3,24,139,400,539,10,8,0,3,2,1,8,4,0,0.2,0.8,0.375,0.125,0.5,2024
"2024_03_NYG_CLE","NYG","CLE","REG",21,15,340,219,559,15,14,4,2,0,0,11,12,0.266666666666667,0,0.733333333333333,0.142857142857143,0,0.857142857142857,2024
"2024_03_PHI_NO","PHI","NO","REG",15,12,462,219,681,11,10,2,1,0,2,9,7,0.181818181818182,0,0.818181818181818,0.1,0.2,0.7,2024
"2024_03_SF_LA","SF","LAR","REG",24,18,425,296,721,9,9,3,0,1,2,5,7,0.333333333333333,0.111111111111111,0.555555555555556,0,0.222222222222222,0.777777777777778,2024
"2024_03_WAS_CIN","WAS","CIN","REG",38,33,356,436,792,9,7,6,4,1,2,2,1,0.666666666666667,0.111111111111111,0.222222222222222,0.571428571428571,0.285714285714286,0.142857142857143,2024
"2024_04_BUF_BAL","BUF","BAL","REG",10,35,236,427,663,11,11,1,5,1,0,9,6,0.0909090909090909,0.0909090909090909,0.818181818181818,0.454545454545455,0,0.545454545454545,2024
"2024_04_CIN_CAR","CIN","CAR","REG",34,24,373,375,748,10,11,4,3,2,1,4,7,0.4,0.2,0.4,0.272727272727273,0.0909090909090909,0.636363636363636,2024
"2024_04_CLE_LV","CLE","LV","REG",16,20,241,268,509,10,11,1,2,1,2,8,7,0.1,0.1,0.8,0.181818181818182,0.181818181818182,0.636363636363636,2024
"2024_04_DAL_NYG","DAL","NYG","REG",20,15,293,303,596,10,9,2,0,3,5,5,4,0.2,0.3,0.5,0,0.555555555555556,0.444444444444444,2024
"2024_04_DEN_NYJ","DEN","NYJ","REG",10,9,186,248,434,13,13,1,0,1,3,11,10,0.0769230769230769,0.0769230769230769,0.846153846153846,0,0.230769230769231,0.769230769230769,2024
"2024_04_JAX_HOU","JAX","HOU","REG",20,24,313,435,748,13,10,2,3,1,1,10,6,0.153846153846154,0.0769230769230769,0.769230769230769,0.3,0.1,0.6,2024
"2024_04_KC_LAC","KC","LAC","REG",17,10,329,224,553,12,10,2,1,1,1,9,8,0.166666666666667,0.0833333333333333,0.75,0.1,0.1,0.8,2024
"2024_04_LA_CHI","LAR","CHI","REG",6,24,322,264,586,10,10,0,3,4,1,6,6,0,0.4,0.6,0.3,0.1,0.6,2024
"2024_04_MIN_GB","MIN","GB","REG",31,29,374,467,841,15,16,4,4,1,0,10,12,0.266666666666667,0.0666666666666667,0.666666666666667,0.25,0,0.75,2024
"2024_04_NE_SF","NE","SF","REG",13,30,213,431,644,13,11,2,2,1,3,10,6,0.153846153846154,0.0769230769230769,0.769230769230769,0.181818181818182,0.272727272727273,0.545454545454545,2024
"2024_04_NO_ATL","NO","ATL","REG",24,26,366,315,681,10,10,3,2,1,4,6,4,0.3,0.1,0.6,0.2,0.4,0.4,2024
"2024_04_PHI_TB","PHI","TB","REG",16,33,227,445,672,11,11,3,4,0,2,8,5,0.272727272727273,0,0.727272727272727,0.363636363636364,0.181818181818182,0.454545454545455,2024
"2024_04_PIT_IND","PIT","IND","REG",24,27,404,358,762,12,11,3,3,1,2,8,6,0.25,0.0833333333333333,0.666666666666667,0.272727272727273,0.181818181818182,0.545454545454545,2024
"2024_04_SEA_DET","SEA","DET","REG",29,42,516,389,905,11,11,4,6,0,0,7,5,0.363636363636364,0,0.636363636363636,0.545454545454545,0,0.454545454545455,2024
"2024_04_TEN_MIA","TEN","MIA","REG",31,12,244,184,428,13,14,2,1,5,2,6,11,0.153846153846154,0.384615384615385,0.461538461538462,0.0714285714285714,0.142857142857143,0.785714285714286,2024
"2024_04_WAS_ARI","WAS","ARI","REG",42,14,451,296,747,9,9,5,2,2,0,2,7,0.555555555555556,0.222222222222222,0.222222222222222,0.222222222222222,0,0.777777777777778,2024
"2024_05_ARI_SF","ARI","SF","REG",24,23,360,384,744,10,10,2,1,3,3,5,6,0.2,0.3,0.5,0.1,0.3,0.6,2024
"2024_05_BAL_CIN","BAL","CIN","REG",41,38,520,444,964,13,13,4,5,2,0,7,8,0.307692307692308,0.153846153846154,0.538461538461538,0.384615384615385,0,0.615384615384615,2024
"2024_05_BUF_HOU","BUF","HOU","REG",20,23,276,425,701,12,14,3,2,1,4,8,8,0.25,0.0833333333333333,0.666666666666667,0.142857142857143,0.285714285714286,0.571428571428571,2024
"2024_05_CAR_CHI","CAR","CHI","REG",10,36,292,424,716,12,13,1,5,1,1,10,7,0.0833333333333333,0.0833333333333333,0.833333333333333,0.384615384615385,0.0769230769230769,0.538461538461538,2024
"2024_05_CLE_WAS","CLE","WAS","REG",13,34,212,434,646,14,12,1,4,3,2,10,6,0.0714285714285714,0.214285714285714,0.714285714285714,0.333333333333333,0.166666666666667,0.5,2024
"2024_05_DAL_PIT","DAL","PIT","REG",20,17,445,226,671,9,11,2,2,2,1,5,8,0.222222222222222,0.222222222222222,0.555555555555556,0.181818181818182,0.0909090909090909,0.727272727272727,2024
"2024_05_GB_LA","GB","LAR","REG",24,18,323,370,693,11,10,3,0,1,0,7,10,0.272727272727273,0.0909090909090909,0.636363636363636,0,0,1,2024
"2024_05_IND_JAX","IND","JAX","REG",34,37,447,497,944,14,12,5,4,2,3,7,5,0.357142857142857,0.142857142857143,0.5,0.333333333333333,0.25,0.416666666666667,2024
"2024_05_LV_DEN","LV","DEN","REG",18,34,332,289,621,12,13,2,4,1,2,9,7,0.166666666666667,0.0833333333333333,0.75,0.307692307692308,0.153846153846154,0.538461538461538,2024
"2024_05_MIA_NE","MIA","NE","REG",15,10,372,299,671,11,12,1,1,3,1,7,10,0.0909090909090909,0.272727272727273,0.636363636363636,0.0833333333333333,0.0833333333333333,0.833333333333333,2024
"2024_05_NO_KC","NO","KC","REG",13,26,220,460,680,10,10,2,2,0,4,8,4,0.2,0,0.8,0.2,0.4,0.4,2024
"2024_05_NYG_SEA","NYG","SEA","REG",29,20,420,333,753,13,11,2,1,3,2,8,8,0.153846153846154,0.230769230769231,0.615384615384615,0.0909090909090909,0.181818181818182,0.727272727272727,2024
"2024_05_NYJ_MIN","NYJ","MIN","REG",17,23,254,253,507,13,14,2,1,1,3,10,10,0.153846153846154,0.0769230769230769,0.769230769230769,0.0714285714285714,0.214285714285714,0.714285714285714,2024
"2024_05_TB_ATL","TB","ATL","REG",30,36,333,550,883,10,12,2,5,3,3,5,4,0.2,0.3,0.5,0.416666666666667,0.25,0.333333333333333,2024
"2024_06_ARI_GB","ARI","GB","REG",13,34,303,437,740,10,12,2,4,1,2,7,6,0.2,0.1,0.7,0.333333333333333,0.166666666666667,0.5,2024
"2024_06_ATL_CAR","ATL","CAR","REG",38,20,425,335,760,11,10,4,2,3,2,4,6,0.363636363636364,0.272727272727273,0.363636363636364,0.2,0.2,0.6,2024
"2024_06_BUF_NYJ","BUF","NYJ","REG",23,20,359,393,752,9,9,3,2,1,2,5,5,0.333333333333333,0.111111111111111,0.555555555555556,0.222222222222222,0.222222222222222,0.555555555555556,2024
"2024_06_CIN_NYG","CIN","NYG","REG",17,7,304,309,613,11,12,2,1,1,0,8,11,0.181818181818182,0.0909090909090909,0.727272727272727,0.0833333333333333,0,0.916666666666667,2024
"2024_06_CLE_PHI","CLE","PHI","REG",16,20,244,372,616,8,11,0,2,3,2,5,7,0,0.375,0.625,0.181818181818182,0.181818181818182,0.636363636363636,2024
"2024_06_DET_DAL","DET","DAL","REG",47,9,492,251,743,13,11,6,0,4,3,3,8,0.461538461538462,0.307692307692308,0.230769230769231,0,0.272727272727273,0.727272727272727,2024
"2024_06_HOU_NE","HOU","NE","REG",41,21,368,291,659,14,14,5,3,2,0,7,11,0.357142857142857,0.142857142857143,0.5,0.214285714285714,0,0.785714285714286,2024
"2024_06_IND_TEN","IND","TEN","REG",20,17,269,241,510,10,11,2,2,2,1,6,8,0.2,0.2,0.6,0.181818181818182,0.0909090909090909,0.727272727272727,2024
"2024_06_JAX_CHI","JAX","CHI","REG",16,35,278,373,651,10,11,2,6,1,0,7,5,0.2,0.1,0.7,0.545454545454545,0,0.454545454545455,2024
"2024_06_LAC_DEN","LAC","DEN","REG",23,16,350,316,666,11,11,2,2,2,2,7,7,0.181818181818182,0.181818181818182,0.636363636363636,0.181818181818182,0.181818181818182,0.636363636363636,2024
"2024_06_PIT_LV","PIT","LV","REG",32,13,293,275,568,12,11,3,2,5,0,4,9,0.25,0.416666666666667,0.333333333333333,0.181818181818182,0,0.818181818181818,2024
"2024_06_SF_SEA","SF","SEA","REG",36,24,483,358,841,12,13,4,3,3,2,5,8,0.333333333333333,0.25,0.416666666666667,0.230769230769231,0.153846153846154,0.615384615384615,2024
"2024_06_TB_NO","TB","NO","REG",51,27,594,303,897,15,14,5,2,1,2,9,10,0.333333333333333,0.0666666666666667,0.6,0.142857142857143,0.142857142857143,0.714285714285714,2024
"2024_06_WAS_BAL","WAS","BAL","REG",23,30,305,484,789,9,10,1,3,3,3,5,4,0.111111111111111,0.333333333333333,0.555555555555556,0.3,0.3,0.4,2024
"2024_07_BAL_TB","BAL","TB","REG",41,31,508,483,991,11,12,4,4,1,1,6,7,0.363636363636364,0.0909090909090909,0.545454545454545,0.333333333333333,0.0833333333333333,0.583333333333333,2024
"2024_07_CAR_WAS","CAR","WAS","REG",7,40,180,421,601,10,10,1,3,0,4,9,3,0.1,0,0.9,0.3,0.4,0.3,2024
"2024_07_CIN_CLE","CIN","CLE","REG",21,14,223,338,561,15,14,2,2,0,0,13,12,0.133333333333333,0,0.866666666666667,0.142857142857143,0,0.857142857142857,2024
"2024_07_DEN_NO","DEN","NO","REG",33,10,389,271,660,12,12,2,1,4,1,6,10,0.166666666666667,0.333333333333333,0.5,0.0833333333333333,0.0833333333333333,0.833333333333333,2024
"2024_07_DET_MIN","DET","MIN","REG",31,29,391,383,774,11,12,4,2,1,3,6,7,0.363636363636364,0.0909090909090909,0.545454545454545,0.166666666666667,0.25,0.583333333333333,2024
"2024_07_HOU_GB","HOU","GB","REG",22,24,197,277,474,12,12,2,3,3,2,7,7,0.166666666666667,0.25,0.583333333333333,0.25,0.166666666666667,0.583333333333333,2024
"2024_07_KC_SF","KC","SF","REG",28,18,329,310,639,12,11,4,2,0,2,8,7,0.333333333333333,0,0.666666666666667,0.181818181818182,0.181818181818182,0.636363636363636,2024
"2024_07_LAC_ARI","LAC","ARI","REG",15,17,395,326,721,8,10,0,2,5,3,3,5,0,0.625,0.375,0.2,0.3,0.5,2024
"2024_07_LV_LA","LV","LAR","REG",15,18,317,259,576,13,13,0,0,5,0,8,13,0,0.384615384615385,0.615384615384615,0,0,1,2024
"2024_07_MIA_IND","MIA","IND","REG",10,16,337,284,621,12,14,1,1,1,3,10,10,0.0833333333333333,0.0833333333333333,0.833333333333333,0.0714285714285714,0.214285714285714,0.714285714285714,2024
"2024_07_NE_JAX","NE","JAX","REG",16,32,295,366,661,9,9,2,3,1,1,6,5,0.222222222222222,0.111111111111111,0.666666666666667,0.333333333333333,0.111111111111111,0.555555555555556,2024
"2024_07_NYJ_PIT","NYJ","PIT","REG",15,37,325,409,734,13,11,2,3,0,3,11,5,0.153846153846154,0,0.846153846153846,0.272727272727273,0.272727272727273,0.454545454545455,2024
"2024_07_PHI_NYG","PHI","NYG","REG",28,3,339,119,458,13,14,3,1,0,1,10,12,0.230769230769231,0,0.769230769230769,0.0714285714285714,0.0714285714285714,0.857142857142857,2024
"2024_07_SEA_ATL","SEA","ATL","REG",34,14,339,369,708,10,11,3,2,2,0,5,9,0.3,0.2,0.5,0.181818181818182,0,0.818181818181818,2024
"2024_07_TEN_BUF","TEN","BUF","REG",10,34,289,389,678,12,12,1,4,1,4,10,4,0.0833333333333333,0.0833333333333333,0.833333333333333,0.333333333333333,0.333333333333333,0.333333333333333,2024
"2024_08_ARI_MIA","ARI","MIA","REG",28,27,389,377,766,9,9,3,3,2,2,4,4,0.333333333333333,0.222222222222222,0.444444444444444,0.333333333333333,0.222222222222222,0.444444444444444,2024
"2024_08_ATL_TB","ATL","TB","REG",31,26,394,432,826,11,11,4,3,2,1,5,7,0.363636363636364,0.181818181818182,0.454545454545455,0.272727272727273,0.0909090909090909,0.636363636363636,2024
"2024_08_BAL_CLE","BAL","CLE","REG",24,29,387,401,788,11,12,2,4,1,3,8,5,0.181818181818182,0.0909090909090909,0.727272727272727,0.333333333333333,0.25,0.416666666666667,2024
"2024_08_BUF_SEA","BUF","SEA","REG",31,10,445,233,678,10,9,4,1,1,1,5,7,0.4,0.1,0.5,0.111111111111111,0.111111111111111,0.777777777777778,2024
"2024_08_CAR_DEN","CAR","DEN","REG",14,28,284,400,684,11,13,2,5,0,0,9,8,0.181818181818182,0,0.818181818181818,0.384615384615385,0,0.615384615384615,2024
"2024_08_CHI_WAS","CHI","WAS","REG",15,18,309,481,790,11,13,2,2,0,4,9,7,0.181818181818182,0,0.818181818181818,0.153846153846154,0.307692307692308,0.538461538461538,2024
"2024_08_DAL_SF","DAL","SF","REG",24,30,292,469,761,13,12,3,3,1,3,9,6,0.230769230769231,0.0769230769230769,0.692307692307692,0.25,0.25,0.5,2024
"2024_08_GB_JAX","GB","JAX","REG",30,27,422,390,812,13,13,3,3,3,2,7,8,0.230769230769231,0.230769230769231,0.538461538461538,0.230769230769231,0.153846153846154,0.615384615384615,2024
"2024_08_IND_HOU","IND","HOU","REG",20,23,303,363,666,13,13,2,2,2,3,9,8,0.153846153846154,0.153846153846154,0.692307692307692,0.153846153846154,0.230769230769231,0.615384615384615,2024
"2024_08_KC_LV","KC","LV","REG",27,20,334,228,562,9,9,3,2,2,2,4,5,0.333333333333333,0.222222222222222,0.444444444444444,0.222222222222222,0.222222222222222,0.555555555555556,2024
"2024_08_MIN_LA","MIN","LAR","REG",20,26,276,386,662,10,9,2,0,2,0,6,9,0.2,0.2,0.6,0,0,1,2024
"2024_08_NO_LAC","NO","LAC","REG",8,26,366,378,744,13,14,0,4,2,2,11,8,0,0.153846153846154,0.846153846153846,0.285714285714286,0.142857142857143,0.571428571428571,2024
"2024_08_NYG_PIT","NYG","PIT","REG",18,26,394,426,820,11,12,1,1,4,4,6,7,0.0909090909090909,0.363636363636364,0.545454545454545,0.0833333333333333,0.333333333333333,0.583333333333333,2024
"2024_08_NYJ_NE","NYJ","NE","REG",22,25,336,250,586,10,11,3,3,1,1,6,7,0.3,0.1,0.6,0.272727272727273,0.0909090909090909,0.636363636363636,2024
"2024_08_PHI_CIN","PHI","CIN","REG",37,17,397,280,677,8,9,4,2,3,1,1,6,0.5,0.375,0.125,0.222222222222222,0.111111111111111,0.666666666666667,2024
"2024_08_TEN_DET","TEN","DET","REG",14,52,416,225,641,14,14,2,6,0,1,12,7,0.142857142857143,0,0.857142857142857,0.428571428571429,0.0714285714285714,0.5,2024
"2024_09_CHI_ARI","CHI","ARI","REG",9,29,241,350,591,12,12,1,3,2,2,9,7,0.0833333333333333,0.166666666666667,0.75,0.25,0.166666666666667,0.583333333333333,2024
"2024_09_DAL_ATL","DAL","ATL","REG",21,27,380,310,690,12,11,2,4,2,0,8,7,0.166666666666667,0.166666666666667,0.666666666666667,0.363636363636364,0,0.636363636363636,2024
"2024_09_DEN_BAL","DEN","BAL","REG",10,41,319,396,715,10,10,1,5,1,2,8,3,0.1,0.1,0.8,0.5,0.2,0.3,2024
"2024_09_DET_GB","DET","GB","REG",24,14,261,413,674,8,10,2,1,1,2,5,7,0.25,0.125,0.625,0.1,0.2,0.7,2024
"2024_09_HOU_NYJ","HOU","NYJ","REG",13,21,322,293,615,11,10,2,3,2,0,7,7,0.181818181818182,0.181818181818182,0.636363636363636,0.3,0,0.7,2024
"2024_09_IND_MIN","IND","MIN","REG",13,21,227,415,642,11,11,0,3,2,0,9,8,0,0.181818181818182,0.818181818181818,0.272727272727273,0,0.727272727272727,2024
"2024_09_JAX_PHI","JAX","PHI","REG",23,28,219,447,666,12,13,1,4,0,1,11,8,0.0833333333333333,0,0.916666666666667,0.307692307692308,0.0769230769230769,0.615384615384615,2024
"2024_09_LAC_CLE","LAC","CLE","REG",27,10,342,292,634,14,14,4,1,0,1,10,12,0.285714285714286,0,0.714285714285714,0.0714285714285714,0.0714285714285714,0.857142857142857,2024
"2024_09_LA_SEA","LAR","SEA","REG",18,20,366,424,790,14,16,0,3,2,0,12,13,0,0.142857142857143,0.857142857142857,0.1875,0,0.8125,2024
"2024_09_LV_CIN","LV","CIN","REG",24,41,217,373,590,12,13,2,3,1,2,9,8,0.166666666666667,0.0833333333333333,0.75,0.230769230769231,0.153846153846154,0.615384615384615,2024
"2024_09_MIA_BUF","MIA","BUF","REG",27,30,373,327,700,10,8,4,3,2,3,4,2,0.4,0.2,0.4,0.375,0.375,0.25,2024
"2024_09_NE_TEN","NE","TEN","REG",17,20,295,400,695,11,12,2,2,0,2,9,8,0.181818181818182,0,0.818181818181818,0.166666666666667,0.166666666666667,0.666666666666667,2024
"2024_09_NO_CAR","NO","CAR","REG",22,23,427,246,673,11,12,2,3,2,1,7,8,0.181818181818182,0.181818181818182,0.636363636363636,0.25,0.0833333333333333,0.666666666666667,2024
"2024_09_TB_KC","TB","KC","REG",24,30,284,384,668,9,12,3,5,1,1,5,6,0.333333333333333,0.111111111111111,0.555555555555556,0.416666666666667,0.0833333333333333,0.5,2024
"2024_09_WAS_NYG","WAS","NYG","REG",27,22,358,326,684,8,8,3,3,2,1,3,4,0.375,0.25,0.375,0.375,0.125,0.5,2024
"2024_10_ATL_NO","ATL","NO","REG",17,20,468,365,833,11,12,2,2,1,2,8,8,0.181818181818182,0.0909090909090909,0.727272727272727,0.166666666666667,0.166666666666667,0.666666666666667,2024
"2024_10_BUF_IND","BUF","IND","REG",30,20,415,361,776,12,11,1,2,3,2,8,7,0.0833333333333333,0.25,0.666666666666667,0.181818181818182,0.181818181818182,0.636363636363636,2024
"2024_10_CIN_BAL","CIN","BAL","REG",34,35,470,391,861,11,12,5,5,0,0,6,7,0.454545454545455,0,0.545454545454545,0.416666666666667,0,0.583333333333333,2024
"2024_10_DEN_KC","DEN","KC","REG",14,16,260,300,560,9,9,2,1,0,3,7,5,0.222222222222222,0,0.777777777777778,0.111111111111111,0.333333333333333,0.555555555555556,2024
"2024_10_DET_HOU","DET","HOU","REG",26,23,345,248,593,14,14,3,3,2,3,9,8,0.214285714285714,0.142857142857143,0.642857142857143,0.214285714285714,0.214285714285714,0.571428571428571,2024
"2024_10_MIA_LA","MIA","LAR","REG",23,0,238,327,565,12,11,1,0,5,5,6,6,0.0833333333333333,0.416666666666667,0.5,0,0.454545454545455,0.545454545454545,2024
"2024_10_MIN_JAX","MIN","JAX","REG",12,7,402,143,545,11,10,0,1,5,0,6,9,0,0.454545454545455,0.545454545454545,0.1,0,0.9,2024
"2024_10_NE_CHI","NE","CHI","REG",19,3,328,142,470,13,11,0,0,3,1,10,10,0,0.230769230769231,0.769230769230769,0,0.0909090909090909,0.909090909090909,2024
"2024_10_NYG_CAR","NYG","CAR","REG",17,20,342,306,648,13,14,2,2,1,3,10,9,0.153846153846154,0.0769230769230769,0.769230769230769,0.142857142857143,0.214285714285714,0.642857142857143,2024
"2024_10_NYJ_ARI","NYJ","ARI","REG",6,31,207,406,613,6,7,0,4,2,1,4,2,0,0.333333333333333,0.666666666666667,0.571428571428571,0.142857142857143,0.285714285714286,2024
"2024_10_PHI_DAL","PHI","DAL","REG",34,6,348,146,494,15,13,3,0,2,2,10,11,0.2,0.133333333333333,0.666666666666667,0,0.153846153846154,0.846153846153846,2024
"2024_10_PIT_WAS","PIT","WAS","REG",28,27,312,242,554,15,12,5,3,0,2,10,7,0.333333333333333,0,0.666666666666667,0.25,0.166666666666667,0.583333333333333,2024
"2024_10_SF_TB","SF","TB","REG",23,20,413,215,628,10,11,2,2,3,2,5,7,0.2,0.3,0.5,0.181818181818182,0.181818181818182,0.636363636363636,2024
"2024_10_TEN_LAC","TEN","LAC","REG",17,27,289,309,598,9,9,2,3,1,2,6,4,0.222222222222222,0.111111111111111,0.666666666666667,0.333333333333333,0.222222222222222,0.444444444444444,2024
"2024_11_ATL_DEN","ATL","DEN","REG",6,38,226,400,626,10,10,0,5,2,2,8,3,0,0.2,0.8,0.5,0.2,0.3,2024
"2024_11_BAL_PIT","BAL","PIT","REG",16,18,329,303,632,14,13,3,1,1,6,10,6,0.214285714285714,0.0714285714285714,0.714285714285714,0.0769230769230769,0.461538461538462,0.461538461538462,2024
"2024_11_CIN_LAC","CIN","LAC","REG",27,34,452,435,887,13,14,3,5,2,2,8,7,0.230769230769231,0.153846153846154,0.615384615384615,0.357142857142857,0.142857142857143,0.5,2024
"2024_11_CLE_NO","CLE","NO","REG",14,35,445,473,918,11,12,2,6,0,0,9,6,0.181818181818182,0,0.818181818181818,0.5,0,0.5,2024
"2024_11_GB_CHI","GB","CHI","REG",20,19,366,391,757,7,8,3,2,0,2,4,4,0.428571428571429,0,0.571428571428571,0.25,0.25,0.5,2024
"2024_11_HOU_DAL","HOU","DAL","REG",34,10,391,388,779,10,13,3,1,2,2,5,10,0.3,0.2,0.5,0.0769230769230769,0.153846153846154,0.769230769230769,2024
"2024_11_IND_NYJ","IND","NYJ","REG",28,27,332,253,585,13,12,3,3,3,2,7,7,0.230769230769231,0.230769230769231,0.538461538461538,0.25,0.166666666666667,0.583333333333333,2024
"2024_11_JAX_DET","JAX","DET","REG",6,52,170,645,815,9,10,0,7,2,1,7,2,0,0.222222222222222,0.777777777777778,0.7,0.1,0.2,2024
"2024_11_KC_BUF","KC","BUF","REG",21,30,259,366,625,9,10,3,4,0,1,6,5,0.333333333333333,0,0.666666666666667,0.4,0.1,0.5,2024
"2024_11_LA_NE","LAR","NE","REG",24,22,402,382,784,10,9,0,2,0,3,10,4,0,0,1,0.222222222222222,0.333333333333333,0.444444444444444,2024
"2024_11_LV_MIA","LV","MIA","REG",19,34,328,353,681,7,7,2,4,2,2,3,1,0.285714285714286,0.285714285714286,0.428571428571429,0.571428571428571,0.285714285714286,0.142857142857143,2024
"2024_11_MIN_TEN","MIN","TEN","REG",23,13,318,294,612,12,12,3,2,1,2,8,8,0.25,0.0833333333333333,0.666666666666667,0.166666666666667,0.166666666666667,0.666666666666667,2024
"2024_11_SEA_SF","SEA","SF","REG",20,17,289,277,566,8,9,2,2,2,1,4,6,0.25,0.25,0.5,0.222222222222222,0.111111111111111,0.666666666666667,2024
"2024_11_WAS_PHI","WAS","PHI","REG",18,26,266,434,700,11,11,2,3,1,2,8,6,0.181818181818182,0.0909090909090909,0.727272727272727,0.272727272727273,0.181818181818182,0.545454545454545,2024
"2024_12_ARI_SEA","ARI","SEA","REG",6,16,298,285,583,10,11,0,1,2,1,8,9,0,0.2,0.8,0.0909090909090909,0.0909090909090909,0.818181818181818,2024
"2024_12_BAL_LAC","BAL","LAC","REG",30,23,389,285,674,10,9,5,3,1,2,4,4,0.5,0.1,0.4,0.333333333333333,0.222222222222222,0.444444444444444,2024
"2024_12_DAL_WAS","DAL","WAS","REG",34,26,332,414,746,15,17,4,3,2,2,9,12,0.266666666666667,0.133333333333333,0.6,0.176470588235294,0.117647058823529,0.705882352941177,2024
"2024_12_DEN_LV","DEN","LV","REG",29,19,325,369,694,11,12,2,1,5,4,4,7,0.181818181818182,0.454545454545455,0.363636363636364,0.0833333333333333,0.333333333333333,0.583333333333333,2024
"2024_12_DET_IND","DET","IND","REG",24,6,390,268,658,10,10,3,0,1,2,6,8,0.3,0.1,0.6,0,0.2,0.8,2024
"2024_12_KC_CAR","KC","CAR","REG",30,27,391,336,727,8,9,3,2,3,4,2,3,0.375,0.375,0.25,0.222222222222222,0.444444444444444,0.333333333333333,2024
"2024_12_MIN_CHI","MIN","CHI","REG",30,27,452,400,852,12,14,3,3,3,2,6,9,0.25,0.25,0.5,0.214285714285714,0.142857142857143,0.642857142857143,2024
"2024_12_NE_MIA","NE","MIA","REG",15,34,271,373,644,13,13,1,4,0,2,12,7,0.0769230769230769,0,0.923076923076923,0.307692307692308,0.153846153846154,0.538461538461538,2024
"2024_12_PHI_LA","PHI","LAR","REG",37,18,481,290,771,10,10,4,0,3,0,3,10,0.4,0.3,0.3,0,0,1,2024
"2024_12_PIT_CLE","PIT","CLE","REG",19,24,368,306,674,12,10,3,3,2,1,7,6,0.25,0.166666666666667,0.583333333333333,0.3,0.1,0.6,2024
"2024_12_SF_GB","SF","GB","REG",10,38,241,325,566,12,12,1,5,1,1,10,6,0.0833333333333333,0.0833333333333333,0.833333333333333,0.416666666666667,0.0833333333333333,0.5,2024
"2024_12_TB_NYG","TB","NYG","REG",30,7,451,245,696,9,11,4,3,1,0,4,8,0.444444444444444,0.111111111111111,0.444444444444444,0.272727272727273,0,0.727272727272727,2024
"2024_12_TEN_HOU","TEN","HOU","REG",32,27,369,260,629,15,13,3,2,3,2,9,9,0.2,0.2,0.6,0.153846153846154,0.153846153846154,0.692307692307692,2024
"2024_13_ARI_MIN","ARI","MIN","REG",22,23,406,273,679,11,10,1,2,5,3,5,5,0.0909090909090909,0.454545454545455,0.454545454545455,0.2,0.3,0.5,2024
"2024_13_CHI_DET","CHI","DET","REG",20,23,301,405,706,10,10,3,2,0,3,7,5,0.3,0,0.7,0.2,0.3,0.5,2024
"2024_13_HOU_JAX","HOU","JAX","REG",23,20,326,375,701,12,10,2,2,2,2,8,6,0.166666666666667,0.166666666666667,0.666666666666667,0.2,0.2,0.6,2024
"2024_13_IND_NE","IND","NE","REG",25,24,255,424,679,9,10,3,2,1,3,5,5,0.333333333333333,0.111111111111111,0.555555555555556,0.2,0.3,0.5,2024
"2024_13_LAC_ATL","LAC","ATL","REG",17,13,189,350,539,11,10,0,1,3,2,8,7,0,0.272727272727273,0.727272727272727,0.1,0.2,0.7,2024
"2024_13_LA_NO","LAR","NO","REG",18,14,322,329,651,9,9,0,2,0,2,9,5,0,0,1,0.222222222222222,0.222222222222222,0.555555555555556,2024
"2024_13_LV_KC","LV","KC","REG",17,19,434,329,763,11,12,2,1,1,4,8,7,0.181818181818182,0.0909090909090909,0.727272727272727,0.0833333333333333,0.333333333333333,0.583333333333333,2024
"2024_13_MIA_GB","MIA","GB","REG",17,30,377,388,765,10,10,1,3,1,3,8,4,0.1,0.1,0.8,0.3,0.3,0.4,2024
"2024_13_NYG_DAL","NYG","DAL","REG",20,27,247,317,564,12,12,2,2,1,2,9,8,0.166666666666667,0.0833333333333333,0.75,0.166666666666667,0.166666666666667,0.666666666666667,2024
"2024_13_PHI_BAL","PHI","BAL","REG",24,19,252,372,624,13,11,1,2,1,2,11,7,0.0769230769230769,0.0769230769230769,0.846153846153846,0.181818181818182,0.181818181818182,0.636363636363636,2024
"2024_13_PIT_CIN","PIT","CIN","REG",44,38,520,375,895,12,10,4,4,3,1,5,5,0.333333333333333,0.25,0.416666666666667,0.4,0.1,0.5,2024
"2024_13_SEA_NYJ","SEA","NYJ","REG",26,21,259,260,519,12,12,3,3,1,1,8,8,0.25,0.0833333333333333,0.666666666666667,0.25,0.0833333333333333,0.666666666666667,2024
"2024_13_SF_BUF","SF","BUF","REG",10,35,239,372,611,11,10,1,5,1,0,9,5,0.0909090909090909,0.0909090909090909,0.818181818181818,0.5,0,0.5,2024
"2024_13_TB_CAR","TB","CAR","REG",26,23,445,367,812,15,14,2,2,4,3,9,9,0.133333333333333,0.266666666666667,0.6,0.142857142857143,0.214285714285714,0.642857142857143,2024
"2024_13_TEN_WAS","TEN","WAS","REG",19,42,245,463,708,11,12,3,6,2,0,6,6,0.272727272727273,0.181818181818182,0.545454545454545,0.5,0,0.5,2024
