"V1","V2","V3","V4","V5","V6","V7","V8","V9","V10","V11","V12","V13","V14","V15","V16","V17"
"2024_01_ARI_BUF-ARI","0.416666666666667","0","0.272727272727273","0","0.3","0.181818181818182","0.3","0.111111111111111","0.272727272727273","0","0","0.153846153846154","0.222222222222222","0.0909090909090909","0.230769230769231","0"
"2024_01_ARI_BUF-BUF","0.2","0.25","0.363636363636364","0.0625","0.142857142857143","0.0833333333333333","0.1","0.0833333333333333","0.0909090909090909","0","0","0.166666666666667","0","0.142857142857143","0.1","0.0833333333333333"
"2024_01_BAL_KC-BAL","0.222222222222222","0","0","0.4","0.3","0.25","0","0.1","0.0666666666666667","0","0.117647058823529","0.416666666666667","0.153846153846154","0.222222222222222","0.125","0.285714285714286"
"2024_01_BAL_KC-KC","0.2","0.1","0.181818181818182","0.307692307692308","0.166666666666667","0","0","0","0","0","0.166666666666667","0","0.3","0.0833333333333333","0.285714285714286","0.2"
"2024_01_CAR_NO-CAR","0.2","0.181818181818182","0.272727272727273","0.166666666666667","0.1","0.0769230769230769","0.153846153846154","0.0909090909090909","0.0909090909090909","0.0909090909090909","0.0833333333333333","0","0.3","0.5","0.6","0.0909090909090909"
"2024_01_CAR_NO-NO","0.2","0.272727272727273","0.454545454545455","0.0909090909090909","0","0.0909090909090909","0.0555555555555556","0","0","0.0909090909090909","0.125","0","0.3","0.333333333333333","0.0833333333333333","0"
"2024_01_DAL_CLE-DAL","0","0.3","0.0909090909090909","0.363636363636364","0.333333333333333","0.166666666666667","0.272727272727273","0.0909090909090909","0.0909090909090909","0.222222222222222","0","0","0.1","0.0909090909090909","0.2","0.125"
"2024_01_DAL_CLE-CLE","0","0.222222222222222","0.0909090909090909","0.1","0.363636363636364","0.111111111111111","0","0.0909090909090909","0","0.230769230769231","0.214285714285714","0.125","0.222222222222222","0.333333333333333","0.1","0.0909090909090909"
"2024_01_DEN_SEA-DEN","0.166666666666667","0.0909090909090909","0.166666666666667","0","0.181818181818182","0.214285714285714","0.181818181818182","0.1","0.142857142857143","0","0","0","0.0833333333333333","0.3","0.142857142857143","0.230769230769231"
"2024_01_DEN_SEA-SEA","0.272727272727273","0.181818181818182","0.181818181818182","0.307692307692308","0.181818181818182","0.363636363636364","0.153846153846154","0","0.2","0.181818181818182","0.222222222222222","0.0769230769230769","0.272727272727273","0.176470588235294","0.111111111111111","0"
"2024_01_GB_PHI-GB","0.0909090909090909","0.230769230769231","0.214285714285714","0.0909090909090909","0","0.142857142857143","0.142857142857143","0","0","0.214285714285714","0.230769230769231","0.5","0.272727272727273","0.0833333333333333","0.125","0.2"
"2024_01_GB_PHI-PHI","0.0833333333333333","0.25","0.375","0.0909090909090909","0.1","0.0909090909090909","0.166666666666667","0.166666666666667","0.0909090909090909","0.1","0","0.272727272727273","0.125","0.230769230769231","0.0833333333333333","0.0909090909090909"
"2024_01_HOU_IND-HOU","0.0833333333333333","0","0","0.0769230769230769","0.222222222222222","0.2","0","0.1","0","0.181818181818182","0.0714285714285714","0.6","0.166666666666667","0","0.0909090909090909","0.125"
"2024_01_HOU_IND-IND","0.272727272727273","0.0909090909090909","0.0833333333333333","0.4","0.153846153846154","0.1","0.0555555555555556","0.153846153846154","0.166666666666667","0.1","0.25","0.0588235294117647","0.3","0.272727272727273","0","0"
"2024_01_JAX_MIA-JAX","0.25","0.0625","0.0714285714285714","0.25","0.153846153846154","0.0909090909090909","0.0909090909090909","0.181818181818182","0.0909090909090909","0.1","0.166666666666667","0.214285714285714","0.117647058823529","0","0.6","0.363636363636364"
"2024_01_JAX_MIA-MIA","0.0909090909090909","0.2","0.166666666666667","0.1","0.1","0.166666666666667","0.307692307692308","0.454545454545455","0.0833333333333333","0.363636363636364","0.363636363636364","0.2","0.1","0.153846153846154","0.142857142857143","0.3"
"2024_01_LA_DET-LAR","0.0769230769230769","0.0833333333333333","0.375","0.3","0.333333333333333","0.333333333333333","0","0.2","0","0.0769230769230769","0","0.181818181818182","0.333333333333333","0.272727272727273","0.0909090909090909","0.4"
"2024_01_LA_DET-DET","0.166666666666667","0.153846153846154","0.4","0.1","0.272727272727273","0.181818181818182","0","0.125","0.153846153846154","0.0833333333333333","0.1","0.0909090909090909","0.0666666666666667","0.4","0.166666666666667","0.0909090909090909"
"2024_01_LV_LAC-LV","0.0909090909090909","0.222222222222222","0.166666666666667","0.230769230769231","0.166666666666667","0.1","0.1","0.25","0.1","0.454545454545455","0","0.0714285714285714","0.230769230769231","0","0","0.230769230769231"
"2024_01_LV_LAC-LAC","0.111111111111111","0.307692307692308","0.166666666666667","0.363636363636364","0.1","0.0833333333333333","0.166666666666667","0.272727272727273","0.142857142857143","0.0666666666666667","0","0.25","0.1","0.166666666666667","0.142857142857143","0"
"2024_01_MIN_NYG-MIN","0.181818181818182","0.307692307692308","0.272727272727273","0.133333333333333","0.444444444444444","0","0.0909090909090909","0.25","0","0.142857142857143","0.166666666666667","0.0714285714285714","0.111111111111111","0.1","0.272727272727273","0.0666666666666667"
"2024_01_MIN_NYG-NYG","0.416666666666667","0.111111111111111","0.272727272727273","0.166666666666667","0.363636363636364","0","0.0909090909090909","0.25","0.272727272727273","0.333333333333333","0.1","0.214285714285714","0.3","0.125","0.272727272727273","0.0833333333333333"
"2024_01_NE_CIN-NE","0.166666666666667","0.0833333333333333","0.3","0.0909090909090909","0.166666666666667","0.0625","0.166666666666667","0.454545454545455","0.166666666666667","0.1","0","0.444444444444444","0","0.3","0","0.166666666666667"
"2024_01_NE_CIN-CIN","0.181818181818182","0.0769230769230769","0","0","0.307692307692308","0.0833333333333333","0.0833333333333333","0.2","0.1","0.181818181818182","0.153846153846154","0.0588235294117647","0.111111111111111","0","0.166666666666667","0.1"
"2024_01_NYJ_SF-NYJ","0.0833333333333333","0.0909090909090909","0","0","0.0909090909090909","0.0909090909090909","0.166666666666667","0.1","0.0833333333333333","0.0833333333333333","0","0.181818181818182","0.2","0.125","0.333333333333333","0.166666666666667"
"2024_01_NYJ_SF-SF","0.0909090909090909","0.0909090909090909","0","0.0833333333333333","0.181818181818182","0.2","0.181818181818182","0.1","0.0769230769230769","0.222222222222222","0.416666666666667","0.444444444444444","0.0909090909090909","0.2","0.0909090909090909","0.2"
"2024_01_PIT_ATL-PIT","0.222222222222222","0.0833333333333333","0","0.333333333333333","0.0909090909090909","0.0833333333333333","0.142857142857143","0.0909090909090909","0.181818181818182","0.153846153846154","0.444444444444444","0.3","0","0.111111111111111","0.2","0.1"
"2024_01_PIT_ATL-ATL","0.181818181818182","0.0909090909090909","0.0714285714285714","0","0.2","0.3","0.0769230769230769","0.25","0.272727272727273","0.0909090909090909","0","0.153846153846154","0","0.272727272727273","0.363636363636364","0"
"2024_01_TEN_CHI-TEN","0.111111111111111","0","0","0.4","0","0.0769230769230769","0.0833333333333333","0.461538461538462","0.0909090909090909","0.0909090909090909","0.25","0.363636363636364","0.0714285714285714","0","0.166666666666667","0.363636363636364"
"2024_01_TEN_CHI-CHI","0.133333333333333","0.333333333333333","0.166666666666667","0","0.444444444444444","0.1","0.0833333333333333","0","0.0909090909090909","0.181818181818182","0.166666666666667","0.153846153846154","0.111111111111111","0.0909090909090909","0.363636363636364","0.0833333333333333"
"2024_01_WAS_TB-WAS","0.166666666666667","0.384615384615385","0.25","0","0.2","0","0.0909090909090909","0.454545454545455","0","0.333333333333333","0.1","0","0.181818181818182","0.125","0.1","0.2"
"2024_01_WAS_TB-TB","0.454545454545455","0.214285714285714","0.3","0.142857142857143","0.222222222222222","0.461538461538462","0.2","0.1","0.0833333333333333","0.153846153846154","0","0","0.0833333333333333","0.0909090909090909","0.0909090909090909","0.166666666666667"
"2024_02_ATL_PHI-ATL","0.0909090909090909","0.0714285714285714","0","0.2","0.3","0.0769230769230769","0.25","0.272727272727273","0.0909090909090909","0","0.153846153846154","0","0.272727272727273","0.363636363636364","0","0.272727272727273"
"2024_02_ATL_PHI-PHI","0.25","0.375","0.0909090909090909","0.1","0.0909090909090909","0.166666666666667","0.166666666666667","0.0909090909090909","0.1","0","0.272727272727273","0.125","0.230769230769231","0.0833333333333333","0.0909090909090909","0"
"2024_02_BUF_MIA-BUF","0.25","0.363636363636364","0.0625","0.142857142857143","0.0833333333333333","0.1","0.0833333333333333","0.0909090909090909","0","0","0.166666666666667","0","0.142857142857143","0.1","0.0833333333333333","0.272727272727273"
"2024_02_BUF_MIA-MIA","0.2","0.166666666666667","0.1","0.1","0.166666666666667","0.307692307692308","0.454545454545455","0.0833333333333333","0.363636363636364","0.363636363636364","0.2","0.1","0.153846153846154","0.142857142857143","0.3","0.25"
"2024_02_CHI_HOU-CHI","0.333333333333333","0.166666666666667","0","0.444444444444444","0.1","0.0833333333333333","0","0.0909090909090909","0.181818181818182","0.166666666666667","0.153846153846154","0.111111111111111","0.0909090909090909","0.363636363636364","0.0833333333333333","0.333333333333333"
"2024_02_CHI_HOU-HOU","0","0","0.0769230769230769","0.222222222222222","0.2","0","0.1","0","0.181818181818182","0.0714285714285714","0.6","0.166666666666667","0","0.0909090909090909","0.125","0.25"
"2024_02_CIN_KC-CIN","0.0769230769230769","0","0","0.307692307692308","0.0833333333333333","0.0833333333333333","0.2","0.1","0.181818181818182","0.153846153846154","0.0588235294117647","0.111111111111111","0","0.166666666666667","0.1","0.6"
"2024_02_CIN_KC-KC","0.1","0.181818181818182","0.307692307692308","0.166666666666667","0","0","0","0","0","0.166666666666667","0","0.3","0.0833333333333333","0.285714285714286","0.2","0.363636363636364"
"2024_02_CLE_JAX-CLE","0.222222222222222","0.0909090909090909","0.1","0.363636363636364","0.111111111111111","0","0.0909090909090909","0","0.230769230769231","0.214285714285714","0.125","0.222222222222222","0.333333333333333","0.1","0.0909090909090909","0.133333333333333"
"2024_02_CLE_JAX-JAX","0.0625","0.0714285714285714","0.25","0.153846153846154","0.0909090909090909","0.0909090909090909","0.181818181818182","0.0909090909090909","0.1","0.166666666666667","0.214285714285714","0.117647058823529","0","0.6","0.363636363636364","0.25"
"2024_02_IND_GB-IND","0.0909090909090909","0.0833333333333333","0.4","0.153846153846154","0.1","0.0555555555555556","0.153846153846154","0.166666666666667","0.1","0.25","0.0588235294117647","0.3","0.272727272727273","0","0","0.25"
"2024_02_IND_GB-GB","0.230769230769231","0.214285714285714","0.0909090909090909","0","0.142857142857143","0.142857142857143","0","0","0.214285714285714","0.230769230769231","0.5","0.272727272727273","0.0833333333333333","0.125","0.2","0"
"2024_02_LAC_CAR-LAC","0.307692307692308","0.166666666666667","0.363636363636364","0.1","0.0833333333333333","0.166666666666667","0.272727272727273","0.142857142857143","0.0666666666666667","0","0.25","0.1","0.166666666666667","0.142857142857143","0","0.181818181818182"
"2024_02_LAC_CAR-CAR","0.181818181818182","0.272727272727273","0.166666666666667","0.1","0.0769230769230769","0.153846153846154","0.0909090909090909","0.0909090909090909","0.0909090909090909","0.0833333333333333","0","0.3","0.5","0.6","0.0909090909090909","0.0714285714285714"
"2024_02_LA_ARI-LAR","0.0833333333333333","0.375","0.3","0.333333333333333","0.333333333333333","0","0.2","0","0.0769230769230769","0","0.181818181818182","0.333333333333333","0.272727272727273","0.0909090909090909","0.4","0.230769230769231"
"2024_02_LA_ARI-ARI","0","0.272727272727273","0","0.3","0.181818181818182","0.3","0.111111111111111","0.272727272727273","0","0","0.153846153846154","0.222222222222222","0.0909090909090909","0.230769230769231","0","0.2"
"2024_02_LV_BAL-LV","0.222222222222222","0.166666666666667","0.230769230769231","0.166666666666667","0.1","0.1","0.25","0.1","0.454545454545455","0","0.0714285714285714","0.230769230769231","0","0","0.230769230769231","0.181818181818182"
"2024_02_LV_BAL-BAL","0","0","0.4","0.3","0.25","0","0.1","0.0666666666666667","0","0.117647058823529","0.416666666666667","0.153846153846154","0.222222222222222","0.125","0.285714285714286","0.363636363636364"
"2024_02_NO_DAL-NO","0.272727272727273","0.454545454545455","0.0909090909090909","0","0.0909090909090909","0.0555555555555556","0","0","0.0909090909090909","0.125","0","0.3","0.333333333333333","0.0833333333333333","0","0.0714285714285714"
"2024_02_NO_DAL-DAL","0.3","0.0909090909090909","0.363636363636364","0.333333333333333","0.166666666666667","0.272727272727273","0.0909090909090909","0.0909090909090909","0.222222222222222","0","0","0.1","0.0909090909090909","0.2","0.125","0.133333333333333"
"2024_02_NYG_WAS-NYG","0.111111111111111","0.272727272727273","0.166666666666667","0.363636363636364","0","0.0909090909090909","0.25","0.272727272727273","0.333333333333333","0.1","0.214285714285714","0.3","0.125","0.272727272727273","0.0833333333333333","0.125"
"2024_02_NYG_WAS-WAS","0.384615384615385","0.25","0","0.2","0","0.0909090909090909","0.454545454545455","0","0.333333333333333","0.1","0","0.181818181818182","0.125","0.1","0.2","0.222222222222222"
"2024_02_NYJ_TEN-NYJ","0.0909090909090909","0","0","0.0909090909090909","0.0909090909090909","0.166666666666667","0.1","0.0833333333333333","0.0833333333333333","0","0.181818181818182","0.2","0.125","0.333333333333333","0.166666666666667","0.1"
"2024_02_NYJ_TEN-TEN","0","0","0.4","0","0.0769230769230769","0.0833333333333333","0.461538461538462","0.0909090909090909","0.0909090909090909","0.25","0.363636363636364","0.0714285714285714","0","0.166666666666667","0.363636363636364","0"
"2024_02_PIT_DEN-PIT","0.0833333333333333","0","0.333333333333333","0.0909090909090909","0.0833333333333333","0.142857142857143","0.0909090909090909","0.181818181818182","0.153846153846154","0.444444444444444","0.3","0","0.111111111111111","0.2","0.1","0.272727272727273"
"2024_02_PIT_DEN-DEN","0.0909090909090909","0.166666666666667","0","0.181818181818182","0.214285714285714","0.181818181818182","0.1","0.142857142857143","0","0","0","0.0833333333333333","0.3","0.142857142857143","0.230769230769231","0.181818181818182"
"2024_02_SEA_NE-SEA","0.181818181818182","0.181818181818182","0.307692307692308","0.181818181818182","0.363636363636364","0.153846153846154","0","0.2","0.181818181818182","0.222222222222222","0.0769230769230769","0.272727272727273","0.176470588235294","0.111111111111111","0","0.181818181818182"
"2024_02_SEA_NE-NE","0.0833333333333333","0.3","0.0909090909090909","0.166666666666667","0.0625","0.166666666666667","0.454545454545455","0.166666666666667","0.1","0","0.444444444444444","0","0.3","0","0.166666666666667","0.6"
"2024_02_SF_MIN-SF","0.0909090909090909","0","0.0833333333333333","0.181818181818182","0.2","0.181818181818182","0.1","0.0769230769230769","0.222222222222222","0.416666666666667","0.444444444444444","0.0909090909090909","0.2","0.0909090909090909","0.2","0.1"
"2024_02_SF_MIN-MIN","0.307692307692308","0.272727272727273","0.133333333333333","0.444444444444444","0","0.0909090909090909","0.25","0","0.142857142857143","0.166666666666667","0.0714285714285714","0.111111111111111","0.1","0.272727272727273","0.0666666666666667","0.125"
"2024_02_TB_DET-TB","0.214285714285714","0.3","0.142857142857143","0.222222222222222","0.461538461538462","0.2","0.1","0.0833333333333333","0.153846153846154","0","0","0.0833333333333333","0.0909090909090909","0.0909090909090909","0.166666666666667","0.222222222222222"
"2024_02_TB_DET-DET","0.153846153846154","0.4","0.1","0.272727272727273","0.181818181818182","0","0.125","0.153846153846154","0.0833333333333333","0.1","0.0909090909090909","0.0666666666666667","0.4","0.166666666666667","0.0909090909090909","0.230769230769231"
"2024_03_BAL_DAL-BAL","0","0.4","0.3","0.25","0","0.1","0.0666666666666667","0","0.117647058823529","0.416666666666667","0.153846153846154","0.222222222222222","0.125","0.285714285714286","0.363636363636364","0.4"
"2024_03_BAL_DAL-DAL","0.0909090909090909","0.363636363636364","0.333333333333333","0.166666666666667","0.272727272727273","0.0909090909090909","0.0909090909090909","0.222222222222222","0","0","0.1","0.0909090909090909","0.2","0.125","0.133333333333333","0.888888888888889"
"2024_03_CAR_LV-CAR","0.272727272727273","0.166666666666667","0.1","0.0769230769230769","0.153846153846154","0.0909090909090909","0.0909090909090909","0.0909090909090909","0.0833333333333333","0","0.3","0.5","0.6","0.0909090909090909","0.0714285714285714","0.222222222222222"
"2024_03_CAR_LV-LV","0.166666666666667","0.230769230769231","0.166666666666667","0.1","0.1","0.25","0.1","0.454545454545455","0","0.0714285714285714","0.230769230769231","0","0","0.230769230769231","0.181818181818182","0.4"
"2024_03_CHI_IND-CHI","0.166666666666667","0","0.444444444444444","0.1","0.0833333333333333","0","0.0909090909090909","0.181818181818182","0.166666666666667","0.153846153846154","0.111111111111111","0.0909090909090909","0.363636363636364","0.0833333333333333","0.333333333333333","0.3"
"2024_03_CHI_IND-IND","0.0833333333333333","0.4","0.153846153846154","0.1","0.0555555555555556","0.153846153846154","0.166666666666667","0.1","0.25","0.0588235294117647","0.3","0.272727272727273","0","0","0.25","0.0909090909090909"
"2024_03_DEN_TB-DEN","0.166666666666667","0","0.181818181818182","0.214285714285714","0.181818181818182","0.1","0.142857142857143","0","0","0","0.0833333333333333","0.3","0.142857142857143","0.230769230769231","0.181818181818182","0.166666666666667"
"2024_03_DEN_TB-TB","0.3","0.142857142857143","0.222222222222222","0.461538461538462","0.2","0.1","0.0833333333333333","0.153846153846154","0","0","0.0833333333333333","0.0909090909090909","0.0909090909090909","0.166666666666667","0.222222222222222","0.181818181818182"
"2024_03_DET_ARI-DET","0.4","0.1","0.272727272727273","0.181818181818182","0","0.125","0.153846153846154","0.0833333333333333","0.1","0.0909090909090909","0.0666666666666667","0.4","0.166666666666667","0.0909090909090909","0.230769230769231","0.181818181818182"
"2024_03_DET_ARI-ARI","0.272727272727273","0","0.3","0.181818181818182","0.3","0.111111111111111","0.272727272727273","0","0","0.153846153846154","0.222222222222222","0.0909090909090909","0.230769230769231","0","0.2","0.25"
"2024_03_GB_TEN-GB","0.214285714285714","0.0909090909090909","0","0.142857142857143","0.142857142857143","0","0","0.214285714285714","0.230769230769231","0.5","0.272727272727273","0.0833333333333333","0.125","0.2","0","0.230769230769231"
"2024_03_GB_TEN-TEN","0","0.4","0","0.0769230769230769","0.0833333333333333","0.461538461538462","0.0909090909090909","0.0909090909090909","0.25","0.363636363636364","0.0714285714285714","0","0.166666666666667","0.363636363636364","0","0.166666666666667"
"2024_03_HOU_MIN-HOU","0","0.0769230769230769","0.222222222222222","0.2","0","0.1","0","0.181818181818182","0.0714285714285714","0.6","0.166666666666667","0","0.0909090909090909","0.125","0.25","0.3"
"2024_03_HOU_MIN-MIN","0.272727272727273","0.133333333333333","0.444444444444444","0","0.0909090909090909","0.25","0","0.142857142857143","0.166666666666667","0.0714285714285714","0.111111111111111","0.1","0.272727272727273","0.0666666666666667","0.125","0.25"
"2024_03_JAX_BUF-JAX","0.0714285714285714","0.25","0.153846153846154","0.0909090909090909","0.0909090909090909","0.181818181818182","0.0909090909090909","0.1","0.166666666666667","0.214285714285714","0.117647058823529","0","0.6","0.363636363636364","0.25","0.272727272727273"
"2024_03_JAX_BUF-BUF","0.363636363636364","0.0625","0.142857142857143","0.0833333333333333","0.1","0.0833333333333333","0.0909090909090909","0","0","0.166666666666667","0","0.142857142857143","0.1","0.0833333333333333","0.272727272727273","0.285714285714286"
"2024_03_KC_ATL-KC","0.181818181818182","0.307692307692308","0.166666666666667","0","0","0","0","0","0.166666666666667","0","0.3","0.0833333333333333","0.285714285714286","0.2","0.363636363636364","0.2"
"2024_03_KC_ATL-ATL","0.0714285714285714","0","0.2","0.3","0.0769230769230769","0.25","0.272727272727273","0.0909090909090909","0","0.153846153846154","0","0.272727272727273","0.363636363636364","0","0.272727272727273","0.0909090909090909"
"2024_03_LAC_PIT-LAC","0.166666666666667","0.363636363636364","0.1","0.0833333333333333","0.166666666666667","0.272727272727273","0.142857142857143","0.0666666666666667","0","0.25","0.1","0.166666666666667","0.142857142857143","0","0.181818181818182","0.222222222222222"
"2024_03_LAC_PIT-PIT","0","0.333333333333333","0.0909090909090909","0.0833333333333333","0.142857142857143","0.0909090909090909","0.181818181818182","0.153846153846154","0.444444444444444","0.3","0","0.111111111111111","0.2","0.1","0.272727272727273","0.166666666666667"
"2024_03_MIA_SEA-MIA","0.166666666666667","0.1","0.1","0.166666666666667","0.307692307692308","0.454545454545455","0.0833333333333333","0.363636363636364","0.363636363636364","0.2","0.1","0.153846153846154","0.142857142857143","0.3","0.25","0.285714285714286"
"2024_03_MIA_SEA-SEA","0.181818181818182","0.307692307692308","0.181818181818182","0.363636363636364","0.153846153846154","0","0.2","0.181818181818182","0.222222222222222","0.0769230769230769","0.272727272727273","0.176470588235294","0.111111111111111","0","0.181818181818182","0.272727272727273"
"2024_03_NE_NYJ-NE","0.3","0.0909090909090909","0.166666666666667","0.0625","0.166666666666667","0.454545454545455","0.166666666666667","0.1","0","0.444444444444444","0","0.3","0","0.166666666666667","0.6","0.272727272727273"
"2024_03_NE_NYJ-NYJ","0","0","0.0909090909090909","0.0909090909090909","0.166666666666667","0.1","0.0833333333333333","0.0833333333333333","0","0.181818181818182","0.2","0.125","0.333333333333333","0.166666666666667","0.1","0.166666666666667"
"2024_03_NYG_CLE-NYG","0.272727272727273","0.166666666666667","0.363636363636364","0","0.0909090909090909","0.25","0.272727272727273","0.333333333333333","0.1","0.214285714285714","0.3","0.125","0.272727272727273","0.0833333333333333","0.125","0.0909090909090909"
"2024_03_NYG_CLE-CLE","0.0909090909090909","0.1","0.363636363636364","0.111111111111111","0","0.0909090909090909","0","0.230769230769231","0.214285714285714","0.125","0.222222222222222","0.333333333333333","0.1","0.0909090909090909","0.133333333333333","0.272727272727273"
"2024_03_PHI_NO-PHI","0.375","0.0909090909090909","0.1","0.0909090909090909","0.166666666666667","0.166666666666667","0.0909090909090909","0.1","0","0.272727272727273","0.125","0.230769230769231","0.0833333333333333","0.0909090909090909","0","0.1"
"2024_03_PHI_NO-NO","0.454545454545455","0.0909090909090909","0","0.0909090909090909","0.0555555555555556","0","0","0.0909090909090909","0.125","0","0.3","0.333333333333333","0.0833333333333333","0","0.0714285714285714","0"
"2024_03_SF_LA-SF","0","0.0833333333333333","0.181818181818182","0.2","0.181818181818182","0.1","0.0769230769230769","0.222222222222222","0.416666666666667","0.444444444444444","0.0909090909090909","0.2","0.0909090909090909","0.2","0.1","0.25"
"2024_03_SF_LA-LAR","0.375","0.3","0.333333333333333","0.333333333333333","0","0.2","0","0.0769230769230769","0","0.181818181818182","0.333333333333333","0.272727272727273","0.0909090909090909","0.4","0.230769230769231","0.25"
"2024_03_WAS_CIN-WAS","0.25","0","0.2","0","0.0909090909090909","0.454545454545455","0","0.333333333333333","0.1","0","0.181818181818182","0.125","0.1","0.2","0.222222222222222","0.0909090909090909"
"2024_03_WAS_CIN-CIN","0","0","0.307692307692308","0.0833333333333333","0.0833333333333333","0.2","0.1","0.181818181818182","0.153846153846154","0.0588235294117647","0.111111111111111","0","0.166666666666667","0.1","0.6","0.2"
"2024_04_BUF_BAL-BUF","0.0625","0.142857142857143","0.0833333333333333","0.1","0.0833333333333333","0.0909090909090909","0","0","0.166666666666667","0","0.142857142857143","0.1","0.0833333333333333","0.272727272727273","0.285714285714286","0.1"
"2024_04_BUF_BAL-BAL","0.4","0.3","0.25","0","0.1","0.0666666666666667","0","0.117647058823529","0.416666666666667","0.153846153846154","0.222222222222222","0.125","0.285714285714286","0.363636363636364","0.4","0.230769230769231"
"2024_04_CIN_CAR-CIN","0","0.307692307692308","0.0833333333333333","0.0833333333333333","0.2","0.1","0.181818181818182","0.153846153846154","0.0588235294117647","0.111111111111111","0","0.166666666666667","0.1","0.6","0.2","0"
"2024_04_CIN_CAR-CAR","0.166666666666667","0.1","0.0769230769230769","0.153846153846154","0.0909090909090909","0.0909090909090909","0.0909090909090909","0.0833333333333333","0","0.3","0.5","0.6","0.0909090909090909","0.0714285714285714","0.222222222222222","0.0833333333333333"
"2024_04_CLE_LV-CLE","0.1","0.363636363636364","0.111111111111111","0","0.0909090909090909","0","0.230769230769231","0.214285714285714","0.125","0.222222222222222","0.333333333333333","0.1","0.0909090909090909","0.133333333333333","0.272727272727273","0.2"
"2024_04_CLE_LV-LV","0.230769230769231","0.166666666666667","0.1","0.1","0.25","0.1","0.454545454545455","0","0.0714285714285714","0.230769230769231","0","0","0.230769230769231","0.181818181818182","0.4","0"
"2024_04_DAL_NYG-DAL","0.363636363636364","0.333333333333333","0.166666666666667","0.272727272727273","0.0909090909090909","0.0909090909090909","0.222222222222222","0","0","0.1","0.0909090909090909","0.2","0.125","0.133333333333333","0.888888888888889","0.0833333333333333"
"2024_04_DAL_NYG-NYG","0.166666666666667","0.363636363636364","0","0.0909090909090909","0.25","0.272727272727273","0.333333333333333","0.1","0.214285714285714","0.3","0.125","0.272727272727273","0.0833333333333333","0.125","0.0909090909090909","0.2"
"2024_04_DEN_NYJ-DEN","0","0.181818181818182","0.214285714285714","0.181818181818182","0.1","0.142857142857143","0","0","0","0.0833333333333333","0.3","0.142857142857143","0.230769230769231","0.181818181818182","0.166666666666667","0.166666666666667"
"2024_04_DEN_NYJ-NYJ","0","0.0909090909090909","0.0909090909090909","0.166666666666667","0.1","0.0833333333333333","0.0833333333333333","0","0.181818181818182","0.2","0.125","0.333333333333333","0.166666666666667","0.1","0.166666666666667","0"
"2024_04_JAX_HOU-JAX","0.25","0.153846153846154","0.0909090909090909","0.0909090909090909","0.181818181818182","0.0909090909090909","0.1","0.166666666666667","0.214285714285714","0.117647058823529","0","0.6","0.363636363636364","0.25","0.272727272727273","0.1"
"2024_04_JAX_HOU-HOU","0.0769230769230769","0.222222222222222","0.2","0","0.1","0","0.181818181818182","0.0714285714285714","0.6","0.166666666666667","0","0.0909090909090909","0.125","0.25","0.3","0.181818181818182"
"2024_04_KC_LAC-KC","0.307692307692308","0.166666666666667","0","0","0","0","0","0.166666666666667","0","0.3","0.0833333333333333","0.285714285714286","0.2","0.363636363636364","0.2","0.1"
"2024_04_KC_LAC-LAC","0.363636363636364","0.1","0.0833333333333333","0.166666666666667","0.272727272727273","0.142857142857143","0.0666666666666667","0","0.25","0.1","0.166666666666667","0.142857142857143","0","0.181818181818182","0.222222222222222","0.0833333333333333"
"2024_04_LA_CHI-LAR","0.3","0.333333333333333","0.333333333333333","0","0.2","0","0.0769230769230769","0","0.181818181818182","0.333333333333333","0.272727272727273","0.0909090909090909","0.4","0.230769230769231","0.25","0.285714285714286"
"2024_04_LA_CHI-CHI","0","0.444444444444444","0.1","0.0833333333333333","0","0.0909090909090909","0.181818181818182","0.166666666666667","0.153846153846154","0.111111111111111","0.0909090909090909","0.363636363636364","0.0833333333333333","0.333333333333333","0.3","0"
"2024_04_MIN_GB-MIN","0.133333333333333","0.444444444444444","0","0.0909090909090909","0.25","0","0.142857142857143","0.166666666666667","0.0714285714285714","0.111111111111111","0.1","0.272727272727273","0.0666666666666667","0.125","0.25","0.181818181818182"
"2024_04_MIN_GB-GB","0.0909090909090909","0","0.142857142857143","0.142857142857143","0","0","0.214285714285714","0.230769230769231","0.5","0.272727272727273","0.0833333333333333","0.125","0.2","0","0.230769230769231","0.181818181818182"
"2024_04_NE_SF-NE","0.0909090909090909","0.166666666666667","0.0625","0.166666666666667","0.454545454545455","0.166666666666667","0.1","0","0.444444444444444","0","0.3","0","0.166666666666667","0.6","0.272727272727273","0"
"2024_04_NE_SF-SF","0.0833333333333333","0.181818181818182","0.2","0.181818181818182","0.1","0.0769230769230769","0.222222222222222","0.416666666666667","0.444444444444444","0.0909090909090909","0.2","0.0909090909090909","0.2","0.1","0.25","0.285714285714286"
"2024_04_NO_ATL-NO","0.0909090909090909","0","0.0909090909090909","0.0555555555555556","0","0","0.0909090909090909","0.125","0","0.3","0.333333333333333","0.0833333333333333","0","0.0714285714285714","0","0.222222222222222"
"2024_04_NO_ATL-ATL","0","0.2","0.3","0.0769230769230769","0.25","0.272727272727273","0.0909090909090909","0","0.153846153846154","0","0.272727272727273","0.363636363636364","0","0.272727272727273","0.0909090909090909","0.1"
"2024_04_PHI_TB-PHI","0.0909090909090909","0.1","0.0909090909090909","0.166666666666667","0.166666666666667","0.0909090909090909","0.1","0","0.272727272727273","0.125","0.230769230769231","0.0833333333333333","0.0909090909090909","0","0.1","0.222222222222222"
"2024_04_PHI_TB-TB","0.142857142857143","0.222222222222222","0.461538461538462","0.2","0.1","0.0833333333333333","0.153846153846154","0","0","0.0833333333333333","0.0909090909090909","0.0909090909090909","0.166666666666667","0.222222222222222","0.181818181818182","0.166666666666667"
"2024_04_PIT_IND-PIT","0.333333333333333","0.0909090909090909","0.0833333333333333","0.142857142857143","0.0909090909090909","0.181818181818182","0.153846153846154","0.444444444444444","0.3","0","0.111111111111111","0.2","0.1","0.272727272727273","0.166666666666667","0.0833333333333333"
"2024_04_PIT_IND-IND","0.4","0.153846153846154","0.1","0.0555555555555556","0.153846153846154","0.166666666666667","0.1","0.25","0.0588235294117647","0.3","0.272727272727273","0","0","0.25","0.0909090909090909","0"
"2024_04_SEA_DET-SEA","0.307692307692308","0.181818181818182","0.363636363636364","0.153846153846154","0","0.2","0.181818181818182","0.222222222222222","0.0769230769230769","0.272727272727273","0.176470588235294","0.111111111111111","0","0.181818181818182","0.272727272727273","0.125"
"2024_04_SEA_DET-DET","0.1","0.272727272727273","0.181818181818182","0","0.125","0.153846153846154","0.0833333333333333","0.1","0.0909090909090909","0.0666666666666667","0.4","0.166666666666667","0.0909090909090909","0.230769230769231","0.181818181818182","0"
"2024_04_TEN_MIA-TEN","0.4","0","0.0769230769230769","0.0833333333333333","0.461538461538462","0.0909090909090909","0.0909090909090909","0.25","0.363636363636364","0.0714285714285714","0","0.166666666666667","0.363636363636364","0","0.166666666666667","0.181818181818182"
"2024_04_TEN_MIA-MIA","0.1","0.1","0.166666666666667","0.307692307692308","0.454545454545455","0.0833333333333333","0.363636363636364","0.363636363636364","0.2","0.1","0.153846153846154","0.142857142857143","0.3","0.25","0.285714285714286","0.125"
"2024_04_WAS_ARI-WAS","0","0.2","0","0.0909090909090909","0.454545454545455","0","0.333333333333333","0.1","0","0.181818181818182","0.125","0.1","0.2","0.222222222222222","0.0909090909090909","0"
"2024_04_WAS_ARI-ARI","0","0.3","0.181818181818182","0.3","0.111111111111111","0.272727272727273","0","0","0.153846153846154","0.222222222222222","0.0909090909090909","0.230769230769231","0","0.2","0.25","0"
"2024_05_ARI_SF-ARI","0.3","0.181818181818182","0.3","0.111111111111111","0.272727272727273","0","0","0.153846153846154","0.222222222222222","0.0909090909090909","0.230769230769231","0","0.2","0.25","0","0.3"
"2024_05_ARI_SF-SF","0.181818181818182","0.2","0.181818181818182","0.1","0.0769230769230769","0.222222222222222","0.416666666666667","0.444444444444444","0.0909090909090909","0.2","0.0909090909090909","0.2","0.1","0.25","0.285714285714286","0.4"
"2024_05_BAL_CIN-BAL","0.3","0.25","0","0.1","0.0666666666666667","0","0.117647058823529","0.416666666666667","0.153846153846154","0.222222222222222","0.125","0.285714285714286","0.363636363636364","0.4","0.230769230769231","0.0909090909090909"
"2024_05_BAL_CIN-CIN","0.307692307692308","0.0833333333333333","0.0833333333333333","0.2","0.1","0.181818181818182","0.153846153846154","0.0588235294117647","0.111111111111111","0","0.166666666666667","0.1","0.6","0.2","0","0.181818181818182"
"2024_05_BUF_HOU-BUF","0.142857142857143","0.0833333333333333","0.1","0.0833333333333333","0.0909090909090909","0","0","0.166666666666667","0","0.142857142857143","0.1","0.0833333333333333","0.272727272727273","0.285714285714286","0.1","0.0909090909090909"
"2024_05_BUF_HOU-HOU","0.222222222222222","0.2","0","0.1","0","0.181818181818182","0.0714285714285714","0.6","0.166666666666667","0","0.0909090909090909","0.125","0.25","0.3","0.181818181818182","0.1"
"2024_05_CAR_CHI-CAR","0.1","0.0769230769230769","0.153846153846154","0.0909090909090909","0.0909090909090909","0.0909090909090909","0.0833333333333333","0","0.3","0.5","0.6","0.0909090909090909","0.0714285714285714","0.222222222222222","0.0833333333333333","0.181818181818182"
"2024_05_CAR_CHI-CHI","0.444444444444444","0.1","0.0833333333333333","0","0.0909090909090909","0.181818181818182","0.166666666666667","0.153846153846154","0.111111111111111","0.0909090909090909","0.363636363636364","0.0833333333333333","0.333333333333333","0.3","0","0"
"2024_05_CLE_WAS-CLE","0.363636363636364","0.111111111111111","0","0.0909090909090909","0","0.230769230769231","0.214285714285714","0.125","0.222222222222222","0.333333333333333","0.1","0.0909090909090909","0.133333333333333","0.272727272727273","0.2","0.555555555555556"
"2024_05_CLE_WAS-WAS","0.2","0","0.0909090909090909","0.454545454545455","0","0.333333333333333","0.1","0","0.181818181818182","0.125","0.1","0.2","0.222222222222222","0.0909090909090909","0","0.3"
"2024_05_DAL_PIT-DAL","0.333333333333333","0.166666666666667","0.272727272727273","0.0909090909090909","0.0909090909090909","0.222222222222222","0","0","0.1","0.0909090909090909","0.2","0.125","0.133333333333333","0.888888888888889","0.0833333333333333","0.230769230769231"
"2024_05_DAL_PIT-PIT","0.0909090909090909","0.0833333333333333","0.142857142857143","0.0909090909090909","0.181818181818182","0.153846153846154","0.444444444444444","0.3","0","0.111111111111111","0.2","0.1","0.272727272727273","0.166666666666667","0.0833333333333333","0"
"2024_05_GB_LA-GB","0","0.142857142857143","0.142857142857143","0","0","0.214285714285714","0.230769230769231","0.5","0.272727272727273","0.0833333333333333","0.125","0.2","0","0.230769230769231","0.181818181818182","0.272727272727273"
"2024_05_GB_LA-LAR","0.333333333333333","0.333333333333333","0","0.2","0","0.0769230769230769","0","0.181818181818182","0.333333333333333","0.272727272727273","0.0909090909090909","0.4","0.230769230769231","0.25","0.285714285714286","0"
"2024_05_IND_JAX-IND","0.153846153846154","0.1","0.0555555555555556","0.153846153846154","0.166666666666667","0.1","0.25","0.0588235294117647","0.3","0.272727272727273","0","0","0.25","0.0909090909090909","0","0"
"2024_05_IND_JAX-JAX","0.153846153846154","0.0909090909090909","0.0909090909090909","0.181818181818182","0.0909090909090909","0.1","0.166666666666667","0.214285714285714","0.117647058823529","0","0.6","0.363636363636364","0.25","0.272727272727273","0.1","0.1"
"2024_05_LV_DEN-LV","0.166666666666667","0.1","0.1","0.25","0.1","0.454545454545455","0","0.0714285714285714","0.230769230769231","0","0","0.230769230769231","0.181818181818182","0.4","0","0.555555555555556"
"2024_05_LV_DEN-DEN","0.181818181818182","0.214285714285714","0.181818181818182","0.1","0.142857142857143","0","0","0","0.0833333333333333","0.3","0.142857142857143","0.230769230769231","0.181818181818182","0.166666666666667","0.166666666666667","0.1"
"2024_05_MIA_NE-MIA","0.1","0.166666666666667","0.307692307692308","0.454545454545455","0.0833333333333333","0.363636363636364","0.363636363636364","0.2","0.1","0.153846153846154","0.142857142857143","0.3","0.25","0.285714285714286","0.125","0"
"2024_05_MIA_NE-NE","0.166666666666667","0.0625","0.166666666666667","0.454545454545455","0.166666666666667","0.1","0","0.444444444444444","0","0.3","0","0.166666666666667","0.6","0.272727272727273","0","0.4"
"2024_05_NO_KC-NO","0","0.0909090909090909","0.0555555555555556","0","0","0.0909090909090909","0.125","0","0.3","0.333333333333333","0.0833333333333333","0","0.0714285714285714","0","0.222222222222222","0.181818181818182"
"2024_05_NO_KC-KC","0.166666666666667","0","0","0","0","0","0.166666666666667","0","0.3","0.0833333333333333","0.285714285714286","0.2","0.363636363636364","0.2","0.1","0.1"
"2024_05_NYG_SEA-NYG","0.363636363636364","0","0.0909090909090909","0.25","0.272727272727273","0.333333333333333","0.1","0.214285714285714","0.3","0.125","0.272727272727273","0.0833333333333333","0.125","0.0909090909090909","0.2","0.230769230769231"
"2024_05_NYG_SEA-SEA","0.181818181818182","0.363636363636364","0.153846153846154","0","0.2","0.181818181818182","0.222222222222222","0.0769230769230769","0.272727272727273","0.176470588235294","0.111111111111111","0","0.181818181818182","0.272727272727273","0.125","0.142857142857143"
"2024_05_NYJ_MIN-NYJ","0.0909090909090909","0.0909090909090909","0.166666666666667","0.1","0.0833333333333333","0.0833333333333333","0","0.181818181818182","0.2","0.125","0.333333333333333","0.166666666666667","0.1","0.166666666666667","0","0.1"
"2024_05_NYJ_MIN-MIN","0.444444444444444","0","0.0909090909090909","0.25","0","0.142857142857143","0.166666666666667","0.0714285714285714","0.111111111111111","0.1","0.272727272727273","0.0666666666666667","0.125","0.25","0.181818181818182","0.272727272727273"
"2024_05_TB_ATL-TB","0.222222222222222","0.461538461538462","0.2","0.1","0.0833333333333333","0.153846153846154","0","0","0.0833333333333333","0.0909090909090909","0.0909090909090909","0.166666666666667","0.222222222222222","0.181818181818182","0.166666666666667","0.181818181818182"
"2024_05_TB_ATL-ATL","0.2","0.3","0.0769230769230769","0.25","0.272727272727273","0.0909090909090909","0","0.153846153846154","0","0.272727272727273","0.363636363636364","0","0.272727272727273","0.0909090909090909","0.1","0.181818181818182"
"2024_06_ARI_GB-ARI","0.181818181818182","0.3","0.111111111111111","0.272727272727273","0","0","0.153846153846154","0.222222222222222","0.0909090909090909","0.230769230769231","0","0.2","0.25","0","0.3","0"
"2024_06_ARI_GB-GB","0.142857142857143","0.142857142857143","0","0","0.214285714285714","0.230769230769231","0.5","0.272727272727273","0.0833333333333333","0.125","0.2","0","0.230769230769231","0.181818181818182","0.272727272727273","0.25"
"2024_06_ATL_CAR-ATL","0.3","0.0769230769230769","0.25","0.272727272727273","0.0909090909090909","0","0.153846153846154","0","0.272727272727273","0.363636363636364","0","0.272727272727273","0.0909090909090909","0.1","0.181818181818182","0.1"
"2024_06_ATL_CAR-CAR","0.0769230769230769","0.153846153846154","0.0909090909090909","0.0909090909090909","0.0909090909090909","0.0833333333333333","0","0.3","0.5","0.6","0.0909090909090909","0.0714285714285714","0.222222222222222","0.0833333333333333","0.181818181818182","0.166666666666667"
"2024_06_BUF_NYJ-BUF","0.0833333333333333","0.1","0.0833333333333333","0.0909090909090909","0","0","0.166666666666667","0","0.142857142857143","0.1","0.0833333333333333","0.272727272727273","0.285714285714286","0.1","0.0909090909090909","0.0769230769230769"
"2024_06_BUF_NYJ-NYJ","0.0909090909090909","0.166666666666667","0.1","0.0833333333333333","0.0833333333333333","0","0.181818181818182","0.2","0.125","0.333333333333333","0.166666666666667","0.1","0.166666666666667","0","0.1","0.25"
"2024_06_CIN_NYG-CIN","0.0833333333333333","0.0833333333333333","0.2","0.1","0.181818181818182","0.153846153846154","0.0588235294117647","0.111111111111111","0","0.166666666666667","0.1","0.6","0.2","0","0.181818181818182","0.0833333333333333"
"2024_06_CIN_NYG-NYG","0","0.0909090909090909","0.25","0.272727272727273","0.333333333333333","0.1","0.214285714285714","0.3","0.125","0.272727272727273","0.0833333333333333","0.125","0.0909090909090909","0.2","0.230769230769231","0.214285714285714"
"2024_06_CLE_PHI-CLE","0.111111111111111","0","0.0909090909090909","0","0.230769230769231","0.214285714285714","0.125","0.222222222222222","0.333333333333333","0.1","0.0909090909090909","0.133333333333333","0.272727272727273","0.2","0.555555555555556","0.0909090909090909"
"2024_06_CLE_PHI-PHI","0.1","0.0909090909090909","0.166666666666667","0.166666666666667","0.0909090909090909","0.1","0","0.272727272727273","0.125","0.230769230769231","0.0833333333333333","0.0909090909090909","0","0.1","0.222222222222222","0.181818181818182"
"2024_06_DET_DAL-DET","0.272727272727273","0.181818181818182","0","0.125","0.153846153846154","0.0833333333333333","0.1","0.0909090909090909","0.0666666666666667","0.4","0.166666666666667","0.0909090909090909","0.230769230769231","0.181818181818182","0","0.142857142857143"
"2024_06_DET_DAL-DAL","0.166666666666667","0.272727272727273","0.0909090909090909","0.0909090909090909","0.222222222222222","0","0","0.1","0.0909090909090909","0.2","0.125","0.133333333333333","0.888888888888889","0.0833333333333333","0.230769230769231","0"
"2024_06_HOU_NE-HOU","0.2","0","0.1","0","0.181818181818182","0.0714285714285714","0.6","0.166666666666667","0","0.0909090909090909","0.125","0.25","0.3","0.181818181818182","0.1","0.0769230769230769"
"2024_06_HOU_NE-NE","0.0625","0.166666666666667","0.454545454545455","0.166666666666667","0.1","0","0.444444444444444","0","0.3","0","0.166666666666667","0.6","0.272727272727273","0","0.4","0.4"
"2024_06_IND_TEN-IND","0.1","0.0555555555555556","0.153846153846154","0.166666666666667","0.1","0.25","0.0588235294117647","0.3","0.272727272727273","0","0","0.25","0.0909090909090909","0","0","0.153846153846154"
"2024_06_IND_TEN-TEN","0","0.0769230769230769","0.0833333333333333","0.461538461538462","0.0909090909090909","0.0909090909090909","0.25","0.363636363636364","0.0714285714285714","0","0.166666666666667","0.363636363636364","0","0.166666666666667","0.181818181818182","0.222222222222222"
"2024_06_JAX_CHI-JAX","0.0909090909090909","0.0909090909090909","0.181818181818182","0.0909090909090909","0.1","0.166666666666667","0.214285714285714","0.117647058823529","0","0.6","0.363636363636364","0.25","0.272727272727273","0.1","0.1","0.153846153846154"
"2024_06_JAX_CHI-CHI","0.1","0.0833333333333333","0","0.0909090909090909","0.181818181818182","0.166666666666667","0.153846153846154","0.111111111111111","0.0909090909090909","0.363636363636364","0.0833333333333333","0.333333333333333","0.3","0","0","0.166666666666667"
"2024_06_LAC_DEN-LAC","0.1","0.0833333333333333","0.166666666666667","0.272727272727273","0.142857142857143","0.0666666666666667","0","0.25","0.1","0.166666666666667","0.142857142857143","0","0.181818181818182","0.222222222222222","0.0833333333333333","0.1"
"2024_06_LAC_DEN-DEN","0.214285714285714","0.181818181818182","0.1","0.142857142857143","0","0","0","0.0833333333333333","0.3","0.142857142857143","0.230769230769231","0.181818181818182","0.166666666666667","0.166666666666667","0.1","0.0833333333333333"
"2024_06_PIT_LV-PIT","0.0833333333333333","0.142857142857143","0.0909090909090909","0.181818181818182","0.153846153846154","0.444444444444444","0.3","0","0.111111111111111","0.2","0.1","0.272727272727273","0.166666666666667","0.0833333333333333","0","0"
"2024_06_PIT_LV-LV","0.1","0.1","0.25","0.1","0.454545454545455","0","0.0714285714285714","0.230769230769231","0","0","0.230769230769231","0.181818181818182","0.4","0","0.555555555555556","0.272727272727273"
"2024_06_SF_SEA-SF","0.2","0.181818181818182","0.1","0.0769230769230769","0.222222222222222","0.416666666666667","0.444444444444444","0.0909090909090909","0.2","0.0909090909090909","0.2","0.1","0.25","0.285714285714286","0.4","0"
"2024_06_SF_SEA-SEA","0.363636363636364","0.153846153846154","0","0.2","0.181818181818182","0.222222222222222","0.0769230769230769","0.272727272727273","0.176470588235294","0.111111111111111","0","0.181818181818182","0.272727272727273","0.125","0.142857142857143","0.0769230769230769"
"2024_06_TB_NO-TB","0.461538461538462","0.2","0.1","0.0833333333333333","0.153846153846154","0","0","0.0833333333333333","0.0909090909090909","0.0909090909090909","0.166666666666667","0.222222222222222","0.181818181818182","0.166666666666667","0.181818181818182","0.166666666666667"
"2024_06_TB_NO-NO","0.0909090909090909","0.0555555555555556","0","0","0.0909090909090909","0.125","0","0.3","0.333333333333333","0.0833333333333333","0","0.0714285714285714","0","0.222222222222222","0.181818181818182","0.181818181818182"
"2024_06_WAS_BAL-WAS","0","0.0909090909090909","0.454545454545455","0","0.333333333333333","0.1","0","0.181818181818182","0.125","0.1","0.2","0.222222222222222","0.0909090909090909","0","0.3","0.0909090909090909"
"2024_06_WAS_BAL-BAL","0.25","0","0.1","0.0666666666666667","0","0.117647058823529","0.416666666666667","0.153846153846154","0.222222222222222","0.125","0.285714285714286","0.363636363636364","0.4","0.230769230769231","0.0909090909090909","0.285714285714286"
"2024_07_BAL_TB-BAL","0","0.1","0.0666666666666667","0","0.117647058823529","0.416666666666667","0.153846153846154","0.222222222222222","0.125","0.285714285714286","0.363636363636364","0.4","0.230769230769231","0.0909090909090909","0.285714285714286","0.0833333333333333"
"2024_07_BAL_TB-TB","0.2","0.1","0.0833333333333333","0.153846153846154","0","0","0.0833333333333333","0.0909090909090909","0.0909090909090909","0.166666666666667","0.222222222222222","0.181818181818182","0.166666666666667","0.181818181818182","0.166666666666667","0.3"
"2024_07_CAR_WAS-CAR","0.153846153846154","0.0909090909090909","0.0909090909090909","0.0909090909090909","0.0833333333333333","0","0.3","0.5","0.6","0.0909090909090909","0.0714285714285714","0.222222222222222","0.0833333333333333","0.181818181818182","0.166666666666667","0.222222222222222"
"2024_07_CAR_WAS-WAS","0.0909090909090909","0.454545454545455","0","0.333333333333333","0.1","0","0.181818181818182","0.125","0.1","0.2","0.222222222222222","0.0909090909090909","0","0.3","0.0909090909090909","0.0833333333333333"
"2024_07_CIN_CLE-CIN","0.0833333333333333","0.2","0.1","0.181818181818182","0.153846153846154","0.0588235294117647","0.111111111111111","0","0.166666666666667","0.1","0.6","0.2","0","0.181818181818182","0.0833333333333333","0.181818181818182"
"2024_07_CIN_CLE-CLE","0","0.0909090909090909","0","0.230769230769231","0.214285714285714","0.125","0.222222222222222","0.333333333333333","0.1","0.0909090909090909","0.133333333333333","0.272727272727273","0.2","0.555555555555556","0.0909090909090909","0.272727272727273"
"2024_07_DEN_NO-DEN","0.181818181818182","0.1","0.142857142857143","0","0","0","0.0833333333333333","0.3","0.142857142857143","0.230769230769231","0.181818181818182","0.166666666666667","0.166666666666667","0.1","0.0833333333333333","0"
"2024_07_DEN_NO-NO","0.0555555555555556","0","0","0.0909090909090909","0.125","0","0.3","0.333333333333333","0.0833333333333333","0","0.0714285714285714","0","0.222222222222222","0.181818181818182","0.181818181818182","0.3"
"2024_07_DET_MIN-DET","0.181818181818182","0","0.125","0.153846153846154","0.0833333333333333","0.1","0.0909090909090909","0.0666666666666667","0.4","0.166666666666667","0.0909090909090909","0.230769230769231","0.181818181818182","0","0.142857142857143","0"
"2024_07_DET_MIN-MIN","0","0.0909090909090909","0.25","0","0.142857142857143","0.166666666666667","0.0714285714285714","0.111111111111111","0.1","0.272727272727273","0.0666666666666667","0.125","0.25","0.181818181818182","0.272727272727273","0.25"
"2024_07_HOU_GB-HOU","0","0.1","0","0.181818181818182","0.0714285714285714","0.6","0.166666666666667","0","0.0909090909090909","0.125","0.25","0.3","0.181818181818182","0.1","0.0769230769230769","0.0909090909090909"
"2024_07_HOU_GB-GB","0.142857142857143","0","0","0.214285714285714","0.230769230769231","0.5","0.272727272727273","0.0833333333333333","0.125","0.2","0","0.230769230769231","0.181818181818182","0.272727272727273","0.25","0.2"
"2024_07_KC_SF-KC","0","0","0","0","0","0.166666666666667","0","0.3","0.0833333333333333","0.285714285714286","0.2","0.363636363636364","0.2","0.1","0.1","0.181818181818182"
"2024_07_KC_SF-SF","0.181818181818182","0.1","0.0769230769230769","0.222222222222222","0.416666666666667","0.444444444444444","0.0909090909090909","0.2","0.0909090909090909","0.2","0.1","0.25","0.285714285714286","0.4","0","0.142857142857143"
"2024_07_LAC_ARI-LAC","0.0833333333333333","0.166666666666667","0.272727272727273","0.142857142857143","0.0666666666666667","0","0.25","0.1","0.166666666666667","0.142857142857143","0","0.181818181818182","0.222222222222222","0.0833333333333333","0.1","0"
"2024_07_LAC_ARI-ARI","0.3","0.111111111111111","0.272727272727273","0","0","0.153846153846154","0.222222222222222","0.0909090909090909","0.230769230769231","0","0.2","0.25","0","0.3","0","0.2"
"2024_07_LV_LA-LV","0.1","0.25","0.1","0.454545454545455","0","0.0714285714285714","0.230769230769231","0","0","0.230769230769231","0.181818181818182","0.4","0","0.555555555555556","0.272727272727273","0.153846153846154"
"2024_07_LV_LA-LAR","0.333333333333333","0","0.2","0","0.0769230769230769","0","0.181818181818182","0.333333333333333","0.272727272727273","0.0909090909090909","0.4","0.230769230769231","0.25","0.285714285714286","0","0.25"
"2024_07_MIA_IND-MIA","0.166666666666667","0.307692307692308","0.454545454545455","0.0833333333333333","0.363636363636364","0.363636363636364","0.2","0.1","0.153846153846154","0.142857142857143","0.3","0.25","0.285714285714286","0.125","0","0"
"2024_07_MIA_IND-IND","0.0555555555555556","0.153846153846154","0.166666666666667","0.1","0.25","0.0588235294117647","0.3","0.272727272727273","0","0","0.25","0.0909090909090909","0","0","0.153846153846154","0"
"2024_07_NE_JAX-NE","0.166666666666667","0.454545454545455","0.166666666666667","0.1","0","0.444444444444444","0","0.3","0","0.166666666666667","0.6","0.272727272727273","0","0.4","0.4","0.0909090909090909"
"2024_07_NE_JAX-JAX","0.0909090909090909","0.181818181818182","0.0909090909090909","0.1","0.166666666666667","0.214285714285714","0.117647058823529","0","0.6","0.363636363636364","0.25","0.272727272727273","0.1","0.1","0.153846153846154","0.181818181818182"
"2024_07_NYJ_PIT-NYJ","0.166666666666667","0.1","0.0833333333333333","0.0833333333333333","0","0.181818181818182","0.2","0.125","0.333333333333333","0.166666666666667","0.1","0.166666666666667","0","0.1","0.25","0"
"2024_07_NYJ_PIT-PIT","0.142857142857143","0.0909090909090909","0.181818181818182","0.153846153846154","0.444444444444444","0.3","0","0.111111111111111","0.2","0.1","0.272727272727273","0.166666666666667","0.0833333333333333","0","0","0.153846153846154"
"2024_07_PHI_NYG-PHI","0.0909090909090909","0.166666666666667","0.166666666666667","0.0909090909090909","0.1","0","0.272727272727273","0.125","0.230769230769231","0.0833333333333333","0.0909090909090909","0","0.1","0.222222222222222","0.181818181818182","0.272727272727273"
"2024_07_PHI_NYG-NYG","0.0909090909090909","0.25","0.272727272727273","0.333333333333333","0.1","0.214285714285714","0.3","0.125","0.272727272727273","0.0833333333333333","0.125","0.0909090909090909","0.2","0.230769230769231","0.214285714285714","0.181818181818182"
"2024_07_SEA_ATL-SEA","0.153846153846154","0","0.2","0.181818181818182","0.222222222222222","0.0769230769230769","0.272727272727273","0.176470588235294","0.111111111111111","0","0.181818181818182","0.272727272727273","0.125","0.142857142857143","0.0769230769230769","0.142857142857143"
"2024_07_SEA_ATL-ATL","0.0769230769230769","0.25","0.272727272727273","0.0909090909090909","0","0.153846153846154","0","0.272727272727273","0.363636363636364","0","0.272727272727273","0.0909090909090909","0.1","0.181818181818182","0.1","0.222222222222222"
"2024_07_TEN_BUF-TEN","0.0769230769230769","0.0833333333333333","0.461538461538462","0.0909090909090909","0.0909090909090909","0.25","0.363636363636364","0.0714285714285714","0","0.166666666666667","0.363636363636364","0","0.166666666666667","0.181818181818182","0.222222222222222","0"
"2024_07_TEN_BUF-BUF","0.1","0.0833333333333333","0.0909090909090909","0","0","0.166666666666667","0","0.142857142857143","0.1","0.0833333333333333","0.272727272727273","0.285714285714286","0.1","0.0909090909090909","0.0769230769230769","0"
"2024_08_ARI_MIA-ARI","0.111111111111111","0.272727272727273","0","0","0.153846153846154","0.222222222222222","0.0909090909090909","0.230769230769231","0","0.2","0.25","0","0.3","0","0.2","0"
"2024_08_ARI_MIA-MIA","0.307692307692308","0.454545454545455","0.0833333333333333","0.363636363636364","0.363636363636364","0.2","0.1","0.153846153846154","0.142857142857143","0.3","0.25","0.285714285714286","0.125","0","0","0.111111111111111"
"2024_08_ATL_TB-ATL","0.25","0.272727272727273","0.0909090909090909","0","0.153846153846154","0","0.272727272727273","0.363636363636364","0","0.272727272727273","0.0909090909090909","0.1","0.181818181818182","0.1","0.222222222222222","0.333333333333333"
"2024_08_ATL_TB-TB","0.1","0.0833333333333333","0.153846153846154","0","0","0.0833333333333333","0.0909090909090909","0.0909090909090909","0.166666666666667","0.222222222222222","0.181818181818182","0.166666666666667","0.181818181818182","0.166666666666667","0.3","0.4"
"2024_08_BAL_CLE-BAL","0.1","0.0666666666666667","0","0.117647058823529","0.416666666666667","0.153846153846154","0.222222222222222","0.125","0.285714285714286","0.363636363636364","0.4","0.230769230769231","0.0909090909090909","0.285714285714286","0.0833333333333333","0.4"
"2024_08_BAL_CLE-CLE","0.0909090909090909","0","0.230769230769231","0.214285714285714","0.125","0.222222222222222","0.333333333333333","0.1","0.0909090909090909","0.133333333333333","0.272727272727273","0.2","0.555555555555556","0.0909090909090909","0.272727272727273","0.0833333333333333"
"2024_08_BUF_SEA-BUF","0.0833333333333333","0.0909090909090909","0","0","0.166666666666667","0","0.142857142857143","0.1","0.0833333333333333","0.272727272727273","0.285714285714286","0.1","0.0909090909090909","0.0769230769230769","0","0.222222222222222"
"2024_08_BUF_SEA-SEA","0","0.2","0.181818181818182","0.222222222222222","0.0769230769230769","0.272727272727273","0.176470588235294","0.111111111111111","0","0.181818181818182","0.272727272727273","0.125","0.142857142857143","0.0769230769230769","0.142857142857143","0.333333333333333"
"2024_08_CAR_DEN-CAR","0.0909090909090909","0.0909090909090909","0.0909090909090909","0.0833333333333333","0","0.3","0.5","0.6","0.0909090909090909","0.0714285714285714","0.222222222222222","0.0833333333333333","0.181818181818182","0.166666666666667","0.222222222222222","0"
"2024_08_CAR_DEN-DEN","0.1","0.142857142857143","0","0","0","0.0833333333333333","0.3","0.142857142857143","0.230769230769231","0.181818181818182","0.166666666666667","0.166666666666667","0.1","0.0833333333333333","0","0.25"
"2024_08_CHI_WAS-CHI","0.0833333333333333","0","0.0909090909090909","0.181818181818182","0.166666666666667","0.153846153846154","0.111111111111111","0.0909090909090909","0.363636363636364","0.0833333333333333","0.333333333333333","0.3","0","0","0.166666666666667","0.181818181818182"
"2024_08_CHI_WAS-WAS","0.454545454545455","0","0.333333333333333","0.1","0","0.181818181818182","0.125","0.1","0.2","0.222222222222222","0.0909090909090909","0","0.3","0.0909090909090909","0.0833333333333333","0"
"2024_08_DAL_SF-DAL","0.272727272727273","0.0909090909090909","0.0909090909090909","0.222222222222222","0","0","0.1","0.0909090909090909","0.2","0.125","0.133333333333333","0.888888888888889","0.0833333333333333","0.230769230769231","0","0"
"2024_08_DAL_SF-SF","0.1","0.0769230769230769","0.222222222222222","0.416666666666667","0.444444444444444","0.0909090909090909","0.2","0.0909090909090909","0.2","0.1","0.25","0.285714285714286","0.4","0","0.142857142857143","0.3"
"2024_08_GB_JAX-GB","0","0","0.214285714285714","0.230769230769231","0.5","0.272727272727273","0.0833333333333333","0.125","0.2","0","0.230769230769231","0.181818181818182","0.272727272727273","0.25","0.2","0.181818181818182"
"2024_08_GB_JAX-JAX","0.181818181818182","0.0909090909090909","0.1","0.166666666666667","0.214285714285714","0.117647058823529","0","0.6","0.363636363636364","0.25","0.272727272727273","0.1","0.1","0.153846153846154","0.181818181818182","0.272727272727273"
"2024_08_IND_HOU-IND","0.153846153846154","0.166666666666667","0.1","0.25","0.0588235294117647","0.3","0.272727272727273","0","0","0.25","0.0909090909090909","0","0","0.153846153846154","0","0.111111111111111"
"2024_08_IND_HOU-HOU","0.1","0","0.181818181818182","0.0714285714285714","0.6","0.166666666666667","0","0.0909090909090909","0.125","0.25","0.3","0.181818181818182","0.1","0.0769230769230769","0.0909090909090909","0.181818181818182"
"2024_08_KC_LV-KC","0","0","0","0","0.166666666666667","0","0.3","0.0833333333333333","0.285714285714286","0.2","0.363636363636364","0.2","0.1","0.1","0.181818181818182","0.3"
"2024_08_KC_LV-LV","0.25","0.1","0.454545454545455","0","0.0714285714285714","0.230769230769231","0","0","0.230769230769231","0.181818181818182","0.4","0","0.555555555555556","0.272727272727273","0.153846153846154","0.214285714285714"
"2024_08_MIN_LA-MIN","0.0909090909090909","0.25","0","0.142857142857143","0.166666666666667","0.0714285714285714","0.111111111111111","0.1","0.272727272727273","0.0666666666666667","0.125","0.25","0.181818181818182","0.272727272727273","0.25","0.166666666666667"
"2024_08_MIN_LA-LAR","0","0.2","0","0.0769230769230769","0","0.181818181818182","0.333333333333333","0.272727272727273","0.0909090909090909","0.4","0.230769230769231","0.25","0.285714285714286","0","0.25","0.214285714285714"
"2024_08_NO_LAC-NO","0","0","0.0909090909090909","0.125","0","0.3","0.333333333333333","0.0833333333333333","0","0.0714285714285714","0","0.222222222222222","0.181818181818182","0.181818181818182","0.3","0.25"
"2024_08_NO_LAC-LAC","0.166666666666667","0.272727272727273","0.142857142857143","0.0666666666666667","0","0.25","0.1","0.166666666666667","0.142857142857143","0","0.181818181818182","0.222222222222222","0.0833333333333333","0.1","0","0"
"2024_08_NYG_PIT-NYG","0.25","0.272727272727273","0.333333333333333","0.1","0.214285714285714","0.3","0.125","0.272727272727273","0.0833333333333333","0.125","0.0909090909090909","0.2","0.230769230769231","0.214285714285714","0.181818181818182","0"
"2024_08_NYG_PIT-PIT","0.0909090909090909","0.181818181818182","0.153846153846154","0.444444444444444","0.3","0","0.111111111111111","0.2","0.1","0.272727272727273","0.166666666666667","0.0833333333333333","0","0","0.153846153846154","0.0714285714285714"
"2024_08_NYJ_NE-NYJ","0.1","0.0833333333333333","0.0833333333333333","0","0.181818181818182","0.2","0.125","0.333333333333333","0.166666666666667","0.1","0.166666666666667","0","0.1","0.25","0","0.0714285714285714"
"2024_08_NYJ_NE-NE","0.454545454545455","0.166666666666667","0.1","0","0.444444444444444","0","0.3","0","0.166666666666667","0.6","0.272727272727273","0","0.4","0.4","0.0909090909090909","0.272727272727273"
"2024_08_PHI_CIN-PHI","0.166666666666667","0.166666666666667","0.0909090909090909","0.1","0","0.272727272727273","0.125","0.230769230769231","0.0833333333333333","0.0909090909090909","0","0.1","0.222222222222222","0.181818181818182","0.272727272727273","0"
"2024_08_PHI_CIN-CIN","0.2","0.1","0.181818181818182","0.153846153846154","0.0588235294117647","0.111111111111111","0","0.166666666666667","0.1","0.6","0.2","0","0.181818181818182","0.0833333333333333","0.181818181818182","0.0833333333333333"
"2024_08_TEN_DET-TEN","0.0833333333333333","0.461538461538462","0.0909090909090909","0.0909090909090909","0.25","0.363636363636364","0.0714285714285714","0","0.166666666666667","0.363636363636364","0","0.166666666666667","0.181818181818182","0.222222222222222","0","0.222222222222222"
"2024_08_TEN_DET-DET","0","0.125","0.153846153846154","0.0833333333333333","0.1","0.0909090909090909","0.0666666666666667","0.4","0.166666666666667","0.0909090909090909","0.230769230769231","0.181818181818182","0","0.142857142857143","0","0.166666666666667"
"2024_09_CHI_ARI-CHI","0","0.0909090909090909","0.181818181818182","0.166666666666667","0.153846153846154","0.111111111111111","0.0909090909090909","0.363636363636364","0.0833333333333333","0.333333333333333","0.3","0","0","0.166666666666667","0.181818181818182","0.25"
"2024_09_CHI_ARI-ARI","0.272727272727273","0","0","0.153846153846154","0.222222222222222","0.0909090909090909","0.230769230769231","0","0.2","0.25","0","0.3","0","0.2","0","0.0909090909090909"
"2024_09_DAL_ATL-DAL","0.0909090909090909","0.0909090909090909","0.222222222222222","0","0","0.1","0.0909090909090909","0.2","0.125","0.133333333333333","0.888888888888889","0.0833333333333333","0.230769230769231","0","0","0.153846153846154"
"2024_09_DAL_ATL-ATL","0.272727272727273","0.0909090909090909","0","0.153846153846154","0","0.272727272727273","0.363636363636364","0","0.272727272727273","0.0909090909090909","0.1","0.181818181818182","0.1","0.222222222222222","0.333333333333333","0.25"
"2024_09_DEN_BAL-DEN","0.142857142857143","0","0","0","0.0833333333333333","0.3","0.142857142857143","0.230769230769231","0.181818181818182","0.166666666666667","0.166666666666667","0.1","0.0833333333333333","0","0.25","0.307692307692308"
"2024_09_DEN_BAL-BAL","0.0666666666666667","0","0.117647058823529","0.416666666666667","0.153846153846154","0.222222222222222","0.125","0.285714285714286","0.363636363636364","0.4","0.230769230769231","0.0909090909090909","0.285714285714286","0.0833333333333333","0.4","0.111111111111111"
"2024_09_DET_GB-DET","0.125","0.153846153846154","0.0833333333333333","0.1","0.0909090909090909","0.0666666666666667","0.4","0.166666666666667","0.0909090909090909","0.230769230769231","0.181818181818182","0","0.142857142857143","0","0.166666666666667","0.166666666666667"
"2024_09_DET_GB-GB","0","0.214285714285714","0.230769230769231","0.5","0.272727272727273","0.0833333333333333","0.125","0.2","0","0.230769230769231","0.181818181818182","0.272727272727273","0.25","0.2","0.181818181818182","0.230769230769231"
"2024_09_HOU_NYJ-HOU","0","0.181818181818182","0.0714285714285714","0.6","0.166666666666667","0","0.0909090909090909","0.125","0.25","0.3","0.181818181818182","0.1","0.0769230769230769","0.0909090909090909","0.181818181818182","0.222222222222222"
"2024_09_HOU_NYJ-NYJ","0.0833333333333333","0.0833333333333333","0","0.181818181818182","0.2","0.125","0.333333333333333","0.166666666666667","0.1","0.166666666666667","0","0.1","0.25","0","0.0714285714285714","0.111111111111111"
"2024_09_IND_MIN-IND","0.166666666666667","0.1","0.25","0.0588235294117647","0.3","0.272727272727273","0","0","0.25","0.0909090909090909","0","0","0.153846153846154","0","0.111111111111111","0.222222222222222"
"2024_09_IND_MIN-MIN","0.25","0","0.142857142857143","0.166666666666667","0.0714285714285714","0.111111111111111","0.1","0.272727272727273","0.0666666666666667","0.125","0.25","0.181818181818182","0.272727272727273","0.25","0.166666666666667","0.142857142857143"
"2024_09_JAX_PHI-JAX","0.0909090909090909","0.1","0.166666666666667","0.214285714285714","0.117647058823529","0","0.6","0.363636363636364","0.25","0.272727272727273","0.1","0.1","0.153846153846154","0.181818181818182","0.272727272727273","0.230769230769231"
"2024_09_JAX_PHI-PHI","0.166666666666667","0.0909090909090909","0.1","0","0.272727272727273","0.125","0.230769230769231","0.0833333333333333","0.0909090909090909","0","0.1","0.222222222222222","0.181818181818182","0.272727272727273","0","0.0714285714285714"
"2024_09_LAC_CLE-LAC","0.272727272727273","0.142857142857143","0.0666666666666667","0","0.25","0.1","0.166666666666667","0.142857142857143","0","0.181818181818182","0.222222222222222","0.0833333333333333","0.1","0","0","0.333333333333333"
"2024_09_LAC_CLE-CLE","0","0.230769230769231","0.214285714285714","0.125","0.222222222222222","0.333333333333333","0.1","0.0909090909090909","0.133333333333333","0.272727272727273","0.2","0.555555555555556","0.0909090909090909","0.272727272727273","0.0833333333333333","0.1"
"2024_09_LA_SEA-LAR","0.2","0","0.0769230769230769","0","0.181818181818182","0.333333333333333","0.272727272727273","0.0909090909090909","0.4","0.230769230769231","0.25","0.285714285714286","0","0.25","0.214285714285714","0.142857142857143"
"2024_09_LA_SEA-SEA","0.2","0.181818181818182","0.222222222222222","0.0769230769230769","0.272727272727273","0.176470588235294","0.111111111111111","0","0.181818181818182","0.272727272727273","0.125","0.142857142857143","0.0769230769230769","0.142857142857143","0.333333333333333","0"
"2024_09_LV_CIN-LV","0.1","0.454545454545455","0","0.0714285714285714","0.230769230769231","0","0","0.230769230769231","0.181818181818182","0.4","0","0.555555555555556","0.272727272727273","0.153846153846154","0.214285714285714","0"
"2024_09_LV_CIN-CIN","0.1","0.181818181818182","0.153846153846154","0.0588235294117647","0.111111111111111","0","0.166666666666667","0.1","0.6","0.2","0","0.181818181818182","0.0833333333333333","0.181818181818182","0.0833333333333333","0.0714285714285714"
"2024_09_MIA_BUF-MIA","0.454545454545455","0.0833333333333333","0.363636363636364","0.363636363636364","0.2","0.1","0.153846153846154","0.142857142857143","0.3","0.25","0.285714285714286","0.125","0","0","0.111111111111111","0.0909090909090909"
"2024_09_MIA_BUF-BUF","0.0909090909090909","0","0","0.166666666666667","0","0.142857142857143","0.1","0.0833333333333333","0.272727272727273","0.285714285714286","0.1","0.0909090909090909","0.0769230769230769","0","0.222222222222222","0"
"2024_09_NE_TEN-NE","0.166666666666667","0.1","0","0.444444444444444","0","0.3","0","0.166666666666667","0.6","0.272727272727273","0","0.4","0.4","0.0909090909090909","0.272727272727273","0.111111111111111"
"2024_09_NE_TEN-TEN","0.461538461538462","0.0909090909090909","0.0909090909090909","0.25","0.363636363636364","0.0714285714285714","0","0.166666666666667","0.363636363636364","0","0.166666666666667","0.181818181818182","0.222222222222222","0","0.222222222222222","0.166666666666667"
"2024_09_NO_CAR-NO","0","0.0909090909090909","0.125","0","0.3","0.333333333333333","0.0833333333333333","0","0.0714285714285714","0","0.222222222222222","0.181818181818182","0.181818181818182","0.3","0.25","0.333333333333333"
"2024_09_NO_CAR-CAR","0.0909090909090909","0.0909090909090909","0.0833333333333333","0","0.3","0.5","0.6","0.0909090909090909","0.0714285714285714","0.222222222222222","0.0833333333333333","0.181818181818182","0.166666666666667","0.222222222222222","0","0.307692307692308"
"2024_09_TB_KC-TB","0.0833333333333333","0.153846153846154","0","0","0.0833333333333333","0.0909090909090909","0.0909090909090909","0.166666666666667","0.222222222222222","0.181818181818182","0.166666666666667","0.181818181818182","0.166666666666667","0.3","0.4","0.25"
"2024_09_TB_KC-KC","0","0","0","0.166666666666667","0","0.3","0.0833333333333333","0.285714285714286","0.2","0.363636363636364","0.2","0.1","0.1","0.181818181818182","0.3","0"
"2024_09_WAS_NYG-WAS","0","0.333333333333333","0.1","0","0.181818181818182","0.125","0.1","0.2","0.222222222222222","0.0909090909090909","0","0.3","0.0909090909090909","0.0833333333333333","0","0.25"
"2024_09_WAS_NYG-NYG","0.272727272727273","0.333333333333333","0.1","0.214285714285714","0.3","0.125","0.272727272727273","0.0833333333333333","0.125","0.0909090909090909","0.2","0.230769230769231","0.214285714285714","0.181818181818182","0","0.0909090909090909"
"2024_10_ATL_NO-ATL","0.0909090909090909","0","0.153846153846154","0","0.272727272727273","0.363636363636364","0","0.272727272727273","0.0909090909090909","0.1","0.181818181818182","0.1","0.222222222222222","0.333333333333333","0.25","0.2"
"2024_10_ATL_NO-NO","0.0909090909090909","0.125","0","0.3","0.333333333333333","0.0833333333333333","0","0.0714285714285714","0","0.222222222222222","0.181818181818182","0.181818181818182","0.3","0.25","0.333333333333333","0.0833333333333333"
"2024_10_BUF_IND-BUF","0","0","0.166666666666667","0","0.142857142857143","0.1","0.0833333333333333","0.272727272727273","0.285714285714286","0.1","0.0909090909090909","0.0769230769230769","0","0.222222222222222","0","0.166666666666667"
"2024_10_BUF_IND-IND","0.1","0.25","0.0588235294117647","0.3","0.272727272727273","0","0","0.25","0.0909090909090909","0","0","0.153846153846154","0","0.111111111111111","0.222222222222222","0.0769230769230769"
"2024_10_CIN_BAL-CIN","0.181818181818182","0.153846153846154","0.0588235294117647","0.111111111111111","0","0.166666666666667","0.1","0.6","0.2","0","0.181818181818182","0.0833333333333333","0.181818181818182","0.0833333333333333","0.0714285714285714","0.375"
"2024_10_CIN_BAL-BAL","0","0.117647058823529","0.416666666666667","0.153846153846154","0.222222222222222","0.125","0.285714285714286","0.363636363636364","0.4","0.230769230769231","0.0909090909090909","0.285714285714286","0.0833333333333333","0.4","0.111111111111111","0.2"
"2024_10_DEN_KC-DEN","0","0","0","0.0833333333333333","0.3","0.142857142857143","0.230769230769231","0.181818181818182","0.166666666666667","0.166666666666667","0.1","0.0833333333333333","0","0.25","0.307692307692308","0.2"
"2024_10_DEN_KC-KC","0","0","0.166666666666667","0","0.3","0.0833333333333333","0.285714285714286","0.2","0.363636363636364","0.2","0.1","0.1","0.181818181818182","0.3","0","0.125"
"2024_10_DET_HOU-DET","0.153846153846154","0.0833333333333333","0.1","0.0909090909090909","0.0666666666666667","0.4","0.166666666666667","0.0909090909090909","0.230769230769231","0.181818181818182","0","0.142857142857143","0","0.166666666666667","0.166666666666667","0"
"2024_10_DET_HOU-HOU","0.181818181818182","0.0714285714285714","0.6","0.166666666666667","0","0.0909090909090909","0.125","0.25","0.3","0.181818181818182","0.1","0.0769230769230769","0.0909090909090909","0.181818181818182","0.222222222222222","0"
"2024_10_MIA_LA-MIA","0.0833333333333333","0.363636363636364","0.363636363636364","0.2","0.1","0.153846153846154","0.142857142857143","0.3","0.25","0.285714285714286","0.125","0","0","0.111111111111111","0.0909090909090909","0.166666666666667"
"2024_10_MIA_LA-LAR","0","0.0769230769230769","0","0.181818181818182","0.333333333333333","0.272727272727273","0.0909090909090909","0.4","0.230769230769231","0.25","0.285714285714286","0","0.25","0.214285714285714","0.142857142857143","0.153846153846154"
"2024_10_MIN_JAX-MIN","0","0.142857142857143","0.166666666666667","0.0714285714285714","0.111111111111111","0.1","0.272727272727273","0.0666666666666667","0.125","0.25","0.181818181818182","0.272727272727273","0.25","0.166666666666667","0.142857142857143","0"
"2024_10_MIN_JAX-JAX","0.1","0.166666666666667","0.214285714285714","0.117647058823529","0","0.6","0.363636363636364","0.25","0.272727272727273","0.1","0.1","0.153846153846154","0.181818181818182","0.272727272727273","0.230769230769231","0.0714285714285714"
"2024_10_NE_CHI-NE","0.1","0","0.444444444444444","0","0.3","0","0.166666666666667","0.6","0.272727272727273","0","0.4","0.4","0.0909090909090909","0.272727272727273","0.111111111111111","0.0833333333333333"
"2024_10_NE_CHI-CHI","0.0909090909090909","0.181818181818182","0.166666666666667","0.153846153846154","0.111111111111111","0.0909090909090909","0.363636363636364","0.0833333333333333","0.333333333333333","0.3","0","0","0.166666666666667","0.181818181818182","0.25","0"
"2024_10_NYG_CAR-NYG","0.333333333333333","0.1","0.214285714285714","0.3","0.125","0.272727272727273","0.0833333333333333","0.125","0.0909090909090909","0.2","0.230769230769231","0.214285714285714","0.181818181818182","0","0.0909090909090909","0.166666666666667"
"2024_10_NYG_CAR-CAR","0.0909090909090909","0.0833333333333333","0","0.3","0.5","0.6","0.0909090909090909","0.0714285714285714","0.222222222222222","0.0833333333333333","0.181818181818182","0.166666666666667","0.222222222222222","0","0.307692307692308","0.0833333333333333"
"2024_10_NYJ_ARI-NYJ","0.0833333333333333","0","0.181818181818182","0.2","0.125","0.333333333333333","0.166666666666667","0.1","0.166666666666667","0","0.1","0.25","0","0.0714285714285714","0.111111111111111","0"
"2024_10_NYJ_ARI-ARI","0","0","0.153846153846154","0.222222222222222","0.0909090909090909","0.230769230769231","0","0.2","0.25","0","0.3","0","0.2","0","0.0909090909090909","0"
"2024_10_PHI_DAL-PHI","0.0909090909090909","0.1","0","0.272727272727273","0.125","0.230769230769231","0.0833333333333333","0.0909090909090909","0","0.1","0.222222222222222","0.181818181818182","0.272727272727273","0","0.0714285714285714","0.0714285714285714"
"2024_10_PHI_DAL-DAL","0.0909090909090909","0.222222222222222","0","0","0.1","0.0909090909090909","0.2","0.125","0.133333333333333","0.888888888888889","0.0833333333333333","0.230769230769231","0","0","0.153846153846154","0.2"
"2024_10_PIT_WAS-PIT","0.181818181818182","0.153846153846154","0.444444444444444","0.3","0","0.111111111111111","0.2","0.1","0.272727272727273","0.166666666666667","0.0833333333333333","0","0","0.153846153846154","0.0714285714285714","0.0909090909090909"
"2024_10_PIT_WAS-WAS","0.333333333333333","0.1","0","0.181818181818182","0.125","0.1","0.2","0.222222222222222","0.0909090909090909","0","0.3","0.0909090909090909","0.0833333333333333","0","0.25","0.166666666666667"
"2024_10_SF_TB-SF","0.0769230769230769","0.222222222222222","0.416666666666667","0.444444444444444","0.0909090909090909","0.2","0.0909090909090909","0.2","0.1","0.25","0.285714285714286","0.4","0","0.142857142857143","0.3","0.153846153846154"
"2024_10_SF_TB-TB","0.153846153846154","0","0","0.0833333333333333","0.0909090909090909","0.0909090909090909","0.166666666666667","0.222222222222222","0.181818181818182","0.166666666666667","0.181818181818182","0.166666666666667","0.3","0.4","0.25","0.125"
"2024_10_TEN_LAC-TEN","0.0909090909090909","0.0909090909090909","0.25","0.363636363636364","0.0714285714285714","0","0.166666666666667","0.363636363636364","0","0.166666666666667","0.181818181818182","0.222222222222222","0","0.222222222222222","0.166666666666667","0.0833333333333333"
"2024_10_TEN_LAC-LAC","0.142857142857143","0.0666666666666667","0","0.25","0.1","0.166666666666667","0.142857142857143","0","0.181818181818182","0.222222222222222","0.0833333333333333","0.1","0","0","0.333333333333333","0"
"2024_11_ATL_DEN-ATL","0","0.153846153846154","0","0.272727272727273","0.363636363636364","0","0.272727272727273","0.0909090909090909","0.1","0.181818181818182","0.1","0.222222222222222","0.333333333333333","0.25","0.2","0.181818181818182"
"2024_11_ATL_DEN-DEN","0","0","0.0833333333333333","0.3","0.142857142857143","0.230769230769231","0.181818181818182","0.166666666666667","0.166666666666667","0.1","0.0833333333333333","0","0.25","0.307692307692308","0.2","0.214285714285714"
"2024_11_BAL_PIT-BAL","0.117647058823529","0.416666666666667","0.153846153846154","0.222222222222222","0.125","0.285714285714286","0.363636363636364","0.4","0.230769230769231","0.0909090909090909","0.285714285714286","0.0833333333333333","0.4","0.111111111111111","0.2","0.333333333333333"
"2024_11_BAL_PIT-PIT","0.153846153846154","0.444444444444444","0.3","0","0.111111111111111","0.2","0.1","0.272727272727273","0.166666666666667","0.0833333333333333","0","0","0.153846153846154","0.0714285714285714","0.0909090909090909","0.181818181818182"
"2024_11_CIN_LAC-CIN","0.153846153846154","0.0588235294117647","0.111111111111111","0","0.166666666666667","0.1","0.6","0.2","0","0.181818181818182","0.0833333333333333","0.181818181818182","0.0833333333333333","0.0714285714285714","0.375","0.333333333333333"
"2024_11_CIN_LAC-LAC","0.0666666666666667","0","0.25","0.1","0.166666666666667","0.142857142857143","0","0.181818181818182","0.222222222222222","0.0833333333333333","0.1","0","0","0.333333333333333","0","0.2"
"2024_11_CLE_NO-CLE","0.230769230769231","0.214285714285714","0.125","0.222222222222222","0.333333333333333","0.1","0.0909090909090909","0.133333333333333","0.272727272727273","0.2","0.555555555555556","0.0909090909090909","0.272727272727273","0.0833333333333333","0.1","0"
"2024_11_CLE_NO-NO","0.125","0","0.3","0.333333333333333","0.0833333333333333","0","0.0714285714285714","0","0.222222222222222","0.181818181818182","0.181818181818182","0.3","0.25","0.333333333333333","0.0833333333333333","0.181818181818182"
"2024_11_GB_CHI-GB","0.214285714285714","0.230769230769231","0.5","0.272727272727273","0.0833333333333333","0.125","0.2","0","0.230769230769231","0.181818181818182","0.272727272727273","0.25","0.2","0.181818181818182","0.230769230769231","0"
"2024_11_GB_CHI-CHI","0.181818181818182","0.166666666666667","0.153846153846154","0.111111111111111","0.0909090909090909","0.363636363636364","0.0833333333333333","0.333333333333333","0.3","0","0","0.166666666666667","0.181818181818182","0.25","0","0.214285714285714"
"2024_11_HOU_DAL-HOU","0.0714285714285714","0.6","0.166666666666667","0","0.0909090909090909","0.125","0.25","0.3","0.181818181818182","0.1","0.0769230769230769","0.0909090909090909","0.181818181818182","0.222222222222222","0","0.454545454545455"
"2024_11_HOU_DAL-DAL","0.222222222222222","0","0","0.1","0.0909090909090909","0.2","0.125","0.133333333333333","0.888888888888889","0.0833333333333333","0.230769230769231","0","0","0.153846153846154","0.2","0.166666666666667"
"2024_11_IND_NYJ-IND","0.25","0.0588235294117647","0.3","0.272727272727273","0","0","0.25","0.0909090909090909","0","0","0.153846153846154","0","0.111111111111111","0.222222222222222","0.0769230769230769","0"
"2024_11_IND_NYJ-NYJ","0","0.181818181818182","0.2","0.125","0.333333333333333","0.166666666666667","0.1","0.166666666666667","0","0.1","0.25","0","0.0714285714285714","0.111111111111111","0","0.153846153846154"
"2024_11_JAX_DET-JAX","0.166666666666667","0.214285714285714","0.117647058823529","0","0.6","0.363636363636364","0.25","0.272727272727273","0.1","0.1","0.153846153846154","0.181818181818182","0.272727272727273","0.230769230769231","0.0714285714285714","0.0909090909090909"
"2024_11_JAX_DET-DET","0.0833333333333333","0.1","0.0909090909090909","0.0666666666666667","0.4","0.166666666666667","0.0909090909090909","0.230769230769231","0.181818181818182","0","0.142857142857143","0","0.166666666666667","0.166666666666667","0","0.454545454545455"
"2024_11_KC_BUF-KC","0","0.166666666666667","0","0.3","0.0833333333333333","0.285714285714286","0.2","0.363636363636364","0.2","0.1","0.1","0.181818181818182","0.3","0","0.125","0.214285714285714"
"2024_11_KC_BUF-BUF","0","0.166666666666667","0","0.142857142857143","0.1","0.0833333333333333","0.272727272727273","0.285714285714286","0.1","0.0909090909090909","0.0769230769230769","0","0.222222222222222","0","0.166666666666667","0"
"2024_11_LA_NE-LAR","0.0769230769230769","0","0.181818181818182","0.333333333333333","0.272727272727273","0.0909090909090909","0.4","0.230769230769231","0.25","0.285714285714286","0","0.25","0.214285714285714","0.142857142857143","0.153846153846154","0"
"2024_11_LA_NE-NE","0","0.444444444444444","0","0.3","0","0.166666666666667","0.6","0.272727272727273","0","0.4","0.4","0.0909090909090909","0.272727272727273","0.111111111111111","0.0833333333333333","0.214285714285714"
"2024_11_LV_MIA-LV","0.454545454545455","0","0.0714285714285714","0.230769230769231","0","0","0.230769230769231","0.181818181818182","0.4","0","0.555555555555556","0.272727272727273","0.153846153846154","0.214285714285714","0","0.375"
"2024_11_LV_MIA-MIA","0.363636363636364","0.363636363636364","0.2","0.1","0.153846153846154","0.142857142857143","0.3","0.25","0.285714285714286","0.125","0","0","0.111111111111111","0.0909090909090909","0.166666666666667","0"
"2024_11_MIN_TEN-MIN","0.142857142857143","0.166666666666667","0.0714285714285714","0.111111111111111","0.1","0.272727272727273","0.0666666666666667","0.125","0.25","0.181818181818182","0.272727272727273","0.25","0.166666666666667","0.142857142857143","0","0.0909090909090909"
"2024_11_MIN_TEN-TEN","0.0909090909090909","0.25","0.363636363636364","0.0714285714285714","0","0.166666666666667","0.363636363636364","0","0.166666666666667","0.181818181818182","0.222222222222222","0","0.222222222222222","0.166666666666667","0.0833333333333333","0.2"
"2024_11_SEA_SF-SEA","0.181818181818182","0.222222222222222","0.0769230769230769","0.272727272727273","0.176470588235294","0.111111111111111","0","0.181818181818182","0.272727272727273","0.125","0.142857142857143","0.0769230769230769","0.142857142857143","0.333333333333333","0","0.0833333333333333"
"2024_11_SEA_SF-SF","0.222222222222222","0.416666666666667","0.444444444444444","0.0909090909090909","0.2","0.0909090909090909","0.2","0.1","0.25","0.285714285714286","0.4","0","0.142857142857143","0.3","0.153846153846154","0.222222222222222"
"2024_11_WAS_PHI-WAS","0.1","0","0.181818181818182","0.125","0.1","0.2","0.222222222222222","0.0909090909090909","0","0.3","0.0909090909090909","0.0833333333333333","0","0.25","0.166666666666667","0.181818181818182"
"2024_11_WAS_PHI-PHI","0.1","0","0.272727272727273","0.125","0.230769230769231","0.0833333333333333","0.0909090909090909","0","0.1","0.222222222222222","0.181818181818182","0.272727272727273","0","0.0714285714285714","0.0714285714285714","0.166666666666667"
"2024_12_ARI_SEA-ARI","0","0.153846153846154","0.222222222222222","0.0909090909090909","0.230769230769231","0","0.2","0.25","0","0.3","0","0.2","0","0.0909090909090909","0","0.153846153846154"
"2024_12_ARI_SEA-SEA","0.222222222222222","0.0769230769230769","0.272727272727273","0.176470588235294","0.111111111111111","0","0.181818181818182","0.272727272727273","0.125","0.142857142857143","0.0769230769230769","0.142857142857143","0.333333333333333","0","0.0833333333333333","0.181818181818182"
"2024_12_BAL_LAC-BAL","0.416666666666667","0.153846153846154","0.222222222222222","0.125","0.285714285714286","0.363636363636364","0.4","0.230769230769231","0.0909090909090909","0.285714285714286","0.0833333333333333","0.4","0.111111111111111","0.2","0.333333333333333","0.142857142857143"
"2024_12_BAL_LAC-LAC","0","0.25","0.1","0.166666666666667","0.142857142857143","0","0.181818181818182","0.222222222222222","0.0833333333333333","0.1","0","0","0.333333333333333","0","0.2","0"
"2024_12_DAL_WAS-DAL","0","0","0.1","0.0909090909090909","0.2","0.125","0.133333333333333","0.888888888888889","0.0833333333333333","0.230769230769231","0","0","0.153846153846154","0.2","0.166666666666667","0.166666666666667"
"2024_12_DAL_WAS-WAS","0","0.181818181818182","0.125","0.1","0.2","0.222222222222222","0.0909090909090909","0","0.3","0.0909090909090909","0.0833333333333333","0","0.25","0.166666666666667","0.181818181818182","0.0909090909090909"
"2024_12_DEN_LV-DEN","0","0.0833333333333333","0.3","0.142857142857143","0.230769230769231","0.181818181818182","0.166666666666667","0.166666666666667","0.1","0.0833333333333333","0","0.25","0.307692307692308","0.2","0.214285714285714","0.461538461538462"
"2024_12_DEN_LV-LV","0","0.0714285714285714","0.230769230769231","0","0","0.230769230769231","0.181818181818182","0.4","0","0.555555555555556","0.272727272727273","0.153846153846154","0.214285714285714","0","0.375","0.166666666666667"
"2024_12_DET_IND-DET","0.1","0.0909090909090909","0.0666666666666667","0.4","0.166666666666667","0.0909090909090909","0.230769230769231","0.181818181818182","0","0.142857142857143","0","0.166666666666667","0.166666666666667","0","0.454545454545455","0.1"
"2024_12_DET_IND-IND","0.0588235294117647","0.3","0.272727272727273","0","0","0.25","0.0909090909090909","0","0","0.153846153846154","0","0.111111111111111","0.222222222222222","0.0769230769230769","0","0.1"
"2024_12_KC_CAR-KC","0.166666666666667","0","0.3","0.0833333333333333","0.285714285714286","0.2","0.363636363636364","0.2","0.1","0.1","0.181818181818182","0.3","0","0.125","0.214285714285714","0.333333333333333"
"2024_12_KC_CAR-CAR","0.0833333333333333","0","0.3","0.5","0.6","0.0909090909090909","0.0714285714285714","0.222222222222222","0.0833333333333333","0.181818181818182","0.166666666666667","0.222222222222222","0","0.307692307692308","0.0833333333333333","0.142857142857143"
"2024_12_MIN_CHI-MIN","0.166666666666667","0.0714285714285714","0.111111111111111","0.1","0.272727272727273","0.0666666666666667","0.125","0.25","0.181818181818182","0.272727272727273","0.25","0.166666666666667","0.142857142857143","0","0.0909090909090909","0.111111111111111"
"2024_12_MIN_CHI-CHI","0.166666666666667","0.153846153846154","0.111111111111111","0.0909090909090909","0.363636363636364","0.0833333333333333","0.333333333333333","0.3","0","0","0.166666666666667","0.181818181818182","0.25","0","0.214285714285714","0.153846153846154"
"2024_12_NE_MIA-NE","0.444444444444444","0","0.3","0","0.166666666666667","0.6","0.272727272727273","0","0.4","0.4","0.0909090909090909","0.272727272727273","0.111111111111111","0.0833333333333333","0.214285714285714","0.285714285714286"
"2024_12_NE_MIA-MIA","0.363636363636364","0.2","0.1","0.153846153846154","0.142857142857143","0.3","0.25","0.285714285714286","0.125","0","0","0.111111111111111","0.0909090909090909","0.166666666666667","0","0.166666666666667"
"2024_12_PHI_LA-PHI","0","0.272727272727273","0.125","0.230769230769231","0.0833333333333333","0.0909090909090909","0","0.1","0.222222222222222","0.181818181818182","0.272727272727273","0","0.0714285714285714","0.0714285714285714","0.166666666666667","0.0909090909090909"
"2024_12_PHI_LA-LAR","0","0.181818181818182","0.333333333333333","0.272727272727273","0.0909090909090909","0.4","0.230769230769231","0.25","0.285714285714286","0","0.25","0.214285714285714","0.142857142857143","0.153846153846154","0","0.285714285714286"
"2024_12_PIT_CLE-PIT","0.444444444444444","0.3","0","0.111111111111111","0.2","0.1","0.272727272727273","0.166666666666667","0.0833333333333333","0","0","0.153846153846154","0.0714285714285714","0.0909090909090909","0.181818181818182","0.142857142857143"
"2024_12_PIT_CLE-CLE","0.214285714285714","0.125","0.222222222222222","0.333333333333333","0.1","0.0909090909090909","0.133333333333333","0.272727272727273","0.2","0.555555555555556","0.0909090909090909","0.272727272727273","0.0833333333333333","0.1","0","0.25"
"2024_12_SF_GB-SF","0.416666666666667","0.444444444444444","0.0909090909090909","0.2","0.0909090909090909","0.2","0.1","0.25","0.285714285714286","0.4","0","0.142857142857143","0.3","0.153846153846154","0.222222222222222","0.181818181818182"
"2024_12_SF_GB-GB","0.230769230769231","0.5","0.272727272727273","0.0833333333333333","0.125","0.2","0","0.230769230769231","0.181818181818182","0.272727272727273","0.25","0.2","0.181818181818182","0.230769230769231","0","0.153846153846154"
"2024_12_TB_NYG-TB","0","0","0.0833333333333333","0.0909090909090909","0.0909090909090909","0.166666666666667","0.222222222222222","0.181818181818182","0.166666666666667","0.181818181818182","0.166666666666667","0.3","0.4","0.25","0.125","0.222222222222222"
"2024_12_TB_NYG-NYG","0.1","0.214285714285714","0.3","0.125","0.272727272727273","0.0833333333333333","0.125","0.0909090909090909","0.2","0.230769230769231","0.214285714285714","0.181818181818182","0","0.0909090909090909","0.166666666666667","0.142857142857143"
"2024_12_TEN_HOU-TEN","0.25","0.363636363636364","0.0714285714285714","0","0.166666666666667","0.363636363636364","0","0.166666666666667","0.181818181818182","0.222222222222222","0","0.222222222222222","0.166666666666667","0.0833333333333333","0.2","0.111111111111111"
"2024_12_TEN_HOU-HOU","0.6","0.166666666666667","0","0.0909090909090909","0.125","0.25","0.3","0.181818181818182","0.1","0.0769230769230769","0.0909090909090909","0.181818181818182","0.222222222222222","0","0.454545454545455","0.166666666666667"
"2024_13_ARI_MIN-ARI","0.153846153846154","0.222222222222222","0.0909090909090909","0.230769230769231","0","0.2","0.25","0","0.3","0","0.2","0","0.0909090909090909","0","0.153846153846154","0.222222222222222"
"2024_13_ARI_MIN-MIN","0.0714285714285714","0.111111111111111","0.1","0.272727272727273","0.0666666666666667","0.125","0.25","0.181818181818182","0.272727272727273","0.25","0.166666666666667","0.142857142857143","0","0.0909090909090909","0.111111111111111","0.153846153846154"
"2024_13_CHI_DET-CHI","0.153846153846154","0.111111111111111","0.0909090909090909","0.363636363636364","0.0833333333333333","0.333333333333333","0.3","0","0","0.166666666666667","0.181818181818182","0.25","0","0.214285714285714","0.153846153846154","0.153846153846154"
"2024_13_CHI_DET-DET","0.0909090909090909","0.0666666666666667","0.4","0.166666666666667","0.0909090909090909","0.230769230769231","0.181818181818182","0","0.142857142857143","0","0.166666666666667","0.166666666666667","0","0.454545454545455","0.1","0.444444444444444"
"2024_13_HOU_JAX-HOU","0.166666666666667","0","0.0909090909090909","0.125","0.25","0.3","0.181818181818182","0.1","0.0769230769230769","0.0909090909090909","0.181818181818182","0.222222222222222","0","0.454545454545455","0.166666666666667","0.3"
"2024_13_HOU_JAX-JAX","0.214285714285714","0.117647058823529","0","0.6","0.363636363636364","0.25","0.272727272727273","0.1","0.1","0.153846153846154","0.181818181818182","0.272727272727273","0.230769230769231","0.0714285714285714","0.0909090909090909","0.1"
"2024_13_IND_NE-IND","0.3","0.272727272727273","0","0","0.25","0.0909090909090909","0","0","0.153846153846154","0","0.111111111111111","0.222222222222222","0.0769230769230769","0","0.1","0.444444444444444"
"2024_13_IND_NE-NE","0","0.3","0","0.166666666666667","0.6","0.272727272727273","0","0.4","0.4","0.0909090909090909","0.272727272727273","0.111111111111111","0.0833333333333333","0.214285714285714","0.285714285714286","0"
"2024_13_LAC_ATL-LAC","0.25","0.1","0.166666666666667","0.142857142857143","0","0.181818181818182","0.222222222222222","0.0833333333333333","0.1","0","0","0.333333333333333","0","0.2","0","0.117647058823529"
"2024_13_LAC_ATL-ATL","0.153846153846154","0","0.272727272727273","0.363636363636364","0","0.272727272727273","0.0909090909090909","0.1","0.181818181818182","0.1","0.222222222222222","0.333333333333333","0.25","0.2","0.181818181818182","0.461538461538462"
"2024_13_LA_NO-LAR","0.181818181818182","0.333333333333333","0.272727272727273","0.0909090909090909","0.4","0.230769230769231","0.25","0.285714285714286","0","0.25","0.214285714285714","0.142857142857143","0.153846153846154","0","0.285714285714286","0.1"
"2024_13_LA_NO-NO","0","0.3","0.333333333333333","0.0833333333333333","0","0.0714285714285714","0","0.222222222222222","0.181818181818182","0.181818181818182","0.3","0.25","0.333333333333333","0.0833333333333333","0.181818181818182","0.25"
"2024_13_LV_KC-LV","0.0714285714285714","0.230769230769231","0","0","0.230769230769231","0.181818181818182","0.4","0","0.555555555555556","0.272727272727273","0.153846153846154","0.214285714285714","0","0.375","0.166666666666667","0.2"
"2024_13_LV_KC-KC","0","0.3","0.0833333333333333","0.285714285714286","0.2","0.363636363636364","0.2","0.1","0.1","0.181818181818182","0.3","0","0.125","0.214285714285714","0.333333333333333","0.142857142857143"
"2024_13_MIA_GB-MIA","0.2","0.1","0.153846153846154","0.142857142857143","0.3","0.25","0.285714285714286","0.125","0","0","0.111111111111111","0.0909090909090909","0.166666666666667","0","0.166666666666667","0"
"2024_13_MIA_GB-GB","0.5","0.272727272727273","0.0833333333333333","0.125","0.2","0","0.230769230769231","0.181818181818182","0.272727272727273","0.25","0.2","0.181818181818182","0.230769230769231","0","0.153846153846154","0"
"2024_13_NYG_DAL-NYG","0.214285714285714","0.3","0.125","0.272727272727273","0.0833333333333333","0.125","0.0909090909090909","0.2","0.230769230769231","0.214285714285714","0.181818181818182","0","0.0909090909090909","0.166666666666667","0.142857142857143","0.153846153846154"
"2024_13_NYG_DAL-DAL","0","0.1","0.0909090909090909","0.2","0.125","0.133333333333333","0.888888888888889","0.0833333333333333","0.230769230769231","0","0","0.153846153846154","0.2","0.166666666666667","0.166666666666667","0.333333333333333"
"2024_13_PHI_BAL-PHI","0.272727272727273","0.125","0.230769230769231","0.0833333333333333","0.0909090909090909","0","0.1","0.222222222222222","0.181818181818182","0.272727272727273","0","0.0714285714285714","0.0714285714285714","0.166666666666667","0.0909090909090909","0.1"
"2024_13_PHI_BAL-BAL","0.153846153846154","0.222222222222222","0.125","0.285714285714286","0.363636363636364","0.4","0.230769230769231","0.0909090909090909","0.285714285714286","0.0833333333333333","0.4","0.111111111111111","0.2","0.333333333333333","0.142857142857143","0.117647058823529"
"2024_13_PIT_CIN-PIT","0.3","0","0.111111111111111","0.2","0.1","0.272727272727273","0.166666666666667","0.0833333333333333","0","0","0.153846153846154","0.0714285714285714","0.0909090909090909","0.181818181818182","0.142857142857143","0.0833333333333333"
"2024_13_PIT_CIN-CIN","0.0588235294117647","0.111111111111111","0","0.166666666666667","0.1","0.6","0.2","0","0.181818181818182","0.0833333333333333","0.181818181818182","0.0833333333333333","0.0714285714285714","0.375","0.333333333333333","0"
"2024_13_SEA_NYJ-SEA","0.0769230769230769","0.272727272727273","0.176470588235294","0.111111111111111","0","0.181818181818182","0.272727272727273","0.125","0.142857142857143","0.0769230769230769","0.142857142857143","0.333333333333333","0","0.0833333333333333","0.181818181818182","0.222222222222222"
"2024_13_SEA_NYJ-NYJ","0.181818181818182","0.2","0.125","0.333333333333333","0.166666666666667","0.1","0.166666666666667","0","0.1","0.25","0","0.0714285714285714","0.111111111111111","0","0.153846153846154","0.1"
"2024_13_SF_BUF-SF","0.444444444444444","0.0909090909090909","0.2","0.0909090909090909","0.2","0.1","0.25","0.285714285714286","0.4","0","0.142857142857143","0.3","0.153846153846154","0.222222222222222","0.181818181818182","0"
"2024_13_SF_BUF-BUF","0.166666666666667","0","0.142857142857143","0.1","0.0833333333333333","0.272727272727273","0.285714285714286","0.1","0.0909090909090909","0.0769230769230769","0","0.222222222222222","0","0.166666666666667","0","0.333333333333333"
"2024_13_TB_CAR-TB","0","0.0833333333333333","0.0909090909090909","0.0909090909090909","0.166666666666667","0.222222222222222","0.181818181818182","0.166666666666667","0.181818181818182","0.166666666666667","0.3","0.4","0.25","0.125","0.222222222222222","0.153846153846154"
"2024_13_TB_CAR-CAR","0","0.3","0.5","0.6","0.0909090909090909","0.0714285714285714","0.222222222222222","0.0833333333333333","0.181818181818182","0.166666666666667","0.222222222222222","0","0.307692307692308","0.0833333333333333","0.142857142857143","0.142857142857143"
"2024_13_TEN_WAS-TEN","0.363636363636364","0.0714285714285714","0","0.166666666666667","0.363636363636364","0","0.166666666666667","0.181818181818182","0.222222222222222","0","0.222222222222222","0.166666666666667","0.0833333333333333","0.2","0.111111111111111","0.3"
"2024_13_TEN_WAS-WAS","0.181818181818182","0.125","0.1","0.2","0.222222222222222","0.0909090909090909","0","0.3","0.0909090909090909","0.0833333333333333","0","0.25","0.166666666666667","0.181818181818182","0.0909090909090909","0.333333333333333"
